Index,Police force,Lookup name,Force population (000),Date,Age,Age Range Given,Used,additional,additional,additional,Victim under 18,Gender of victim,outcome,further info on outcome,Photo or Video,Ex Partner?,compare row
14,Cambridgeshire Police,Cambridgeshire,789.7,September,11,,facebook,,,,y,nn,nn,,photo,y,n
13,Cambridgeshire Police,Cambridgeshire,789.7,August,17,,nn,,,,n,f,nn,,photo,n,n
12,Cambridgeshire Police,Cambridgeshire,789.7,August,18,,facebook,,,,n,f,nn,,video,y,n
11,Cambridgeshire Police,Cambridgeshire,789.7,August,20,,facebook,,,,n,f,nn,,photo,n,n
10,Cambridgeshire Police,Cambridgeshire,789.7,August,21,,snapshot,,,,n,f,nn,,photo,y,n
9,Cambridgeshire Police,Cambridgeshire,789.7,August,22,,facebook,,,,n,f,nn,,photo,y,n
8,Cambridgeshire Police,Cambridgeshire,789.7,July,23,,nn,,,,n,m,nn,,photo,n,n
7,Cambridgeshire Police,Cambridgeshire,789.7,July,24,,nn,,,,n,f,nn,,photo,y,n
5,Cambridgeshire Police,Cambridgeshire,789.7,June,26,,nn,,,,n,f,nn,,photo,nn,n
6,Cambridgeshire Police,Cambridgeshire,789.7,July,27,,nn,,,,n,m,nn,,photo,y,n
4,Cambridgeshire Police,Cambridgeshire,789.7,June,30,,instagram,,,,n,nn,nn,,photo,nn,n
3,Cambridgeshire Police,Cambridgeshire,789.7,June,43,,twitter,,,,n,nn,nn,,photo,nn,n
2,Cambridgeshire Police,Cambridgeshire,789.7,May,63,,nn,,,,n,nn,nn,,video,Y,n
1,Cambridgeshire Police,Cambridgeshire,789.7,April,64,,nn,,,,n,f,nn,,photo,Y,n
15,Cambridgeshire Police,Cambridgeshire,789.7,October,,,,,,,n,f,nn,,photo,y,n
16,Cambridgeshire Police,Cambridgeshire,789.7,October,,,,,,,nn,f,nn,,photo,y,n
17,Cambridgeshire Police,Cambridgeshire,789.7,November,,,,,,,nn,f,nn,,photo,n,n
18,Cambridgeshire Police,Cambridgeshire,789.7,December,,,,,,,nn,f,nn,,photo,y,n
19,Cambridgeshire Police,Cambridgeshire,789.7,December,,,,,,,nn,f,nn,,photo,n,n
21,Cheshire police,Cheshire,1009.3,June,12,,facebook,,,,,nn,caution,,nn,,y
45,Cheshire police,Cheshire,1009.3,June,12,,,,,,,nn,no action,,nn,,y
29,Cheshire police,Cheshire,1009.3,July,15,,snapchat,,,,,nn,no action,,nn,,y
38,Cheshire police,Cheshire,1009.3,May,15,,facebook,,,,,nn,no action,,nn,,y
42,Cheshire police,Cheshire,1009.3,June,15,,,,,,,nn,ongoing,,nn,,y
20,Cheshire police,Cheshire,1009.3,May,16,,,,,,,nn,no action,,nn,,y
25,Cheshire police,Cheshire,1009.3,April,16,,,,,,,nn,no action,,nn,,y
28,Cheshire police,Cheshire,1009.3,May,17,,,,,,,nn,no action,,nn,,y
24,Cheshire police,Cheshire,1009.3,April,19,,facebook,,,,,nn,no action,,nn,,y
47,Cheshire police,Cheshire,1009.3,july,19,,,,,,,nn,no action,,nn,,y
35,Cheshire police,Cheshire,1009.3,November,20,,,,,,,nn,no action,,nn,,y
44,Cheshire police,Cheshire,1009.3,June,21,,facebook,,,,,nn,no action,,nn,,y
27,Cheshire police,Cheshire,1009.3,May,22,,facebook,,,,,nn,no action,,nn,,y
30,Cheshire police,Cheshire,1009.3,July,22,,snapchat,,,,,nn,no action,,nn,,y
36,Cheshire police,Cheshire,1009.3,November,22,,twitter,,,,,nn,charge,,nn,,y
37,Cheshire police,Cheshire,1009.3,November,24,,facebook,,,,,nn,no action,,nn,,y
43,Cheshire police,Cheshire,1009.3,June,26,,facebook,,,,,nn,ongoing,,nn,,y
46,Cheshire police,Cheshire,1009.3,June,26,,,,,,,nn,ongoing,,nn,,y
33,Cheshire police,Cheshire,1009.3,October,27,,facebook,,,,,nn,no action,,nn,,y
22,Cheshire police,Cheshire,1009.3,September,28,,facebook,,,,,nn,no crime,,nn,,y
31,Cheshire police,Cheshire,1009.3,August,28,,,,,,,nn,no action,,nn,,y
34,Cheshire police,Cheshire,1009.3,November,30,,twitter,,,,,nn,no action,,nn,,y
40,Cheshire police,Cheshire,1009.3,December,31,,facebook,,,,,nn,no action,,nn,,y
41,Cheshire police,Cheshire,1009.3,December,34,,instagram,,,,,nn,no action,,nn,,y
32,Cheshire police,Cheshire,1009.3,September,39,,facebook,,,,,nn,no action,,nn,,y
23,Cheshire police,Cheshire,1009.3,October,41,,facebook,,,,,nn,charge,,nn,,y
26,Cheshire police,Cheshire,1009.3,May,50,,,,,,,nn,caution,,nn,,y
39,Cheshire police,Cheshire,1009.3,December,nn,,facebook,,,,,nn,charge,,nn,,y
98,city of london police,"London, City of",11.7,,,,,,,,,nn,nn,,,,n
99,city of london police,"London, City of",11.7,,,,,,,,,nn,nn,,,,n
100,cumbria police,Cumbria,494.4,january,20,,facebook,,,,,nn,caution,photo,,,n
101,cumbria police,Cumbria,494.4,july,23,,facebook,,,,,nn,caution,photo,,,n
102,cumbria police,Cumbria,494.4,august,26,,facebook,,,,,nn,no action,photo,,,n
103,cumbria police,Cumbria,494.4,august,34,,facebook,,,,,nn,no action,photo,,,n
104,cumbria police,Cumbria,494.4,october,46,,youtube,,,,,nn,ongoing,video,,,n
105,cumbria police,Cumbria,494.4,december,,,twitter,,,,,nn,ongoing,photo,,,n
130,derbyshire police,Derbyshire,1010.6,December,12,,facebook,,,,,nn,,,,,y
117,derbyshire police,Derbyshire,1010.6,July,13,,,,,,,nn,community resolution,,,,y
111,derbyshire police,Derbyshire,1010.6,May,14,,,,,,,nn,community resolution,,,,y
128,derbyshire police,Derbyshire,1010.6,December,15,,,,,,,nn,,,,,y
131,derbyshire police,Derbyshire,1010.6,December,15,,facebook,,,,,nn,,,,,y
107,derbyshire police,Derbyshire,1010.6,April,16,,instagram,,,,,nn,,,,,y
112,derbyshire police,Derbyshire,1010.6,May,16,,facebook,,,,,nn,suspect died,,,,y
114,derbyshire police,Derbyshire,1010.6,May,16,,whatsapp,,,,,nn,no action,,,,y
126,derbyshire police,Derbyshire,1010.6,Novembr,16,,facebook,,,,,nn,community resolution,,,,y
108,derbyshire police,Derbyshire,1010.6,May,17,,facebook,,,,,nn,community resolution,,,,y
116,derbyshire police,Derbyshire,1010.6,July,17,,snapchat,,,,,nn,community resolution,,,,y
121,derbyshire police,Derbyshire,1010.6,September,17,,,,,,,nn,community resolution,,,,y
124,derbyshire police,Derbyshire,1010.6,October,18,,snapchat,,,,,nn,caution,,,,y
110,derbyshire police,Derbyshire,1010.6,May,19,,whatsapp,,,,,nn,caution,,,,y
115,derbyshire police,Derbyshire,1010.6,July,19,,facebook,,,,,nn,no action,,,,y
125,derbyshire police,Derbyshire,1010.6,October,19,,facebook,,,,,nn,charge,,,,y
119,derbyshire police,Derbyshire,1010.6,July,21,,facebook,,,,,nn,community resolution,,,,y
122,derbyshire police,Derbyshire,1010.6,September,21,,instagram,,,,,nn,no action,,,,y
106,derbyshire police,Derbyshire,1010.6,January,22,,,,,,,nn,charge,,,,y
123,derbyshire police,Derbyshire,1010.6,September,22,,facebook,,,,,nn,caution,,,,y
127,derbyshire police,Derbyshire,1010.6,November,23,,whatsapp,,,,,nn,charge,,,,y
120,derbyshire police,Derbyshire,1010.6,August,32,,,,,,,nn,charge,,,,y
129,derbyshire police,Derbyshire,1010.6,December,32,,,,,,,nn,charge,,,,y
118,derbyshire police,Derbyshire,1010.6,July,33,,twitter,,,,,nn,,,,,y
113,derbyshire police,Derbyshire,1010.6,May,34,,facebook,,,,,nn,no action,,,,y
109,derbyshire police,Derbyshire,1010.6,May,,,,,,,,nn,,,,,y
136,devon and cornwall police,Devon and Cornwall,1680.4,june,19,,facebook,,,,,nn,,caution,,,y
139,devon and cornwall police,Devon and Cornwall,1680.4,October,20,,facebook,,,,,nn,,ongoing,,,y
140,devon and cornwall police,Devon and Cornwall,1680.4,november,20,,,,,,,nn,,ongoing,,,y
134,devon and cornwall police,Devon and Cornwall,1680.4,may,24,,,,,,,nn,no action,,,,y
132,devon and cornwall police,Devon and Cornwall,1680.4,may,25,,,,,,,nn,no action,victim withdraws support,,,y
135,devon and cornwall police,Devon and Cornwall,1680.4,june,31,,twitter,,,,,nn,no action,evidential difficulties,,,y
133,devon and cornwall police,Devon and Cornwall,1680.4,may,37,,,,,,,nn,no action,evidential difficulties,,,y
137,devon and cornwall police,Devon and Cornwall,1680.4,September,44,,twitter,,,,,nn,,no crime,,,y
138,devon and cornwall police,Devon and Cornwall,1680.4,September,56,,,,,,,nn,,ongoing,,,y
141,durham police,Durham,611.6,,nn,,,,,,,nn,charge,,,,y
1129,Essex Police,,1738,june,12,,,,,,,,no action,victim withdraws support,,,y
1117,Essex Police,,1738,april,14,,,,,,,,ongoing,,,,y
1125,Essex Police,,1738,may,14,,,,,,,,no action,victim withdraws support,,,y
1122,Essex Police,,1738,may,15,,,,,,,,ongoing,,,,y
1139,Essex Police,,1738,august,15,,,,,,,,no action,victim withdraws support,,,y
1141,Essex Police,,1738,august,16,,,,,,,,no action,,,,y
1145,Essex Police,,1738,august,16,,,,,,,,no action,victim withdraws support,,,y
1127,Essex Police,,1738,june,17,,,,,,,,ongoing,,,,y
1116,Essex Police,,1738,april,18,,,,,,,,caution,,,,y
1143,Essex Police,,1738,august,18,,,,,,,,charge,,,,y
1144,Essex Police,,1738,september,18,,,,,,,,no action,victim withdraws support,,,y
1119,Essex Police,,1738,december,21,,,,,,,,charge,,,,y
1123,Essex Police,,1738,may,22,,,,,,,,no action,victim withdraws support,,,y
1134,Essex Police,,1738,august,22,,,,,,,,no action,no suspect,,,y
1137,Essex Police,,1738,september,22,,,,,,,,ongoing,,,,y
1130,Essex Police,,1738,july,23,,,,,,,,no action,no suspect,,,y
1131,Essex Police,,1738,july,23,,,,,,,,no action,evidential difficulties,,,y
1128,Essex Police,,1738,june,24,,,,,,,,no action,victim withdraws support,,,y
1133,Essex Police,,1738,august,24,,,,,,,,no action,no suspect,,,y
1136,Essex Police,,1738,august,24,,,,,,,,ongoing,,,,y
1138,Essex Police,,1738,september,24,,,,,,,,ongoing,,,,y
1132,Essex Police,,1738,march,25,,,,,,,,ongoing,,,,y
1135,Essex Police,,1738,august,26,,,,,,,,no action,no suspect,,,y
1142,Essex Police,,1738,september,26,,,,,,,,no action,,,,y
1120,Essex Police,,1738,april,27,,,,,,,,no action,evidential difficulties,,,y
1124,Essex Police,,1738,may,27,,,,,,,,caution,,,,y
1126,Essex Police,,1738,june,27,,,,,,,,ongoing,,,,y
1121,Essex Police,,1738,may,29,,,,,,,,no action,victim withdraws support,,,y
1140,Essex Police,,1738,september,30,,,,,,,,ongoing,,,,y
1118,Essex Police,,1738,december,46,,,,,,,,charge,,,,y
142,gloucester police,Gloucestershire,593.5,,,1520,,,,,,,charge,,,,n
143,gloucester police,Gloucestershire,593.5,,,1520,,,,,,,caution,,,,n
144,gloucester police,Gloucestershire,593.5,,,1520,,,,,,,charge,,,,n
145,gloucester police,Gloucestershire,593.5,,,1520,,,,,,,caution,,,,n
146,gloucester police,Gloucestershire,593.5,,,1520,,,,,,,caution,,,,n
147,gloucester police,Gloucestershire,593.5,,,2130,,,,,,,no action,,,,n
148,gloucester police,Gloucestershire,593.5,,,2130,,,,,,,no action,,,,n
149,gloucester police,Gloucestershire,593.5,,,2130,,,,,,,no action,,,,n
150,gloucester police,Gloucestershire,593.5,,,3140,,,,,,,no action,,,,n
167,greater manchester police,Greater Manchester,2629.4,,12,,facebook,,,,,,no action,victim withdraws support,,,y
189,greater manchester police,Greater Manchester,2629.4,,12,,instagram,,,,,,ongoing,,,,y
192,greater manchester police,Greater Manchester,2629.4,,12,,instagram,,,,,,ongoing,,,,y
160,greater manchester police,Greater Manchester,2629.4,,13,,instagram,,,,,,no action,,,,y
185,greater manchester police,Greater Manchester,2629.4,,13,,,,,,,,community resolution,,,,y
187,greater manchester police,Greater Manchester,2629.4,,13,,instagram,,,,,,ongoing,,,,y
188,greater manchester police,Greater Manchester,2629.4,,13,,instagram,,,,,,ongoing,,,,y
190,greater manchester police,Greater Manchester,2629.4,,13,,instagram,,,,,,ongoing,,,,y
193,greater manchester police,Greater Manchester,2629.4,,13,,instagram,,,,,,ongoing,,,,y
194,greater manchester police,Greater Manchester,2629.4,,13,,instagram,,,,,,ongoing,,,,y
222,greater manchester police,Greater Manchester,2629.4,,13,,facebook,,,,,,community resolution,,,,y
223,greater manchester police,Greater Manchester,2629.4,,13,,facebook,,,,,,community resolution,,,,y
164,greater manchester police,Greater Manchester,2629.4,,14,,snapchat,,,,,,,,,,y
174,greater manchester police,Greater Manchester,2629.4,,14,,instagram,,,,,,no action,evidential difficulties,,,y
204,greater manchester police,Greater Manchester,2629.4,,14,,instagram,,,,,,no action,victim withdraws support,,,y
225,greater manchester police,Greater Manchester,2629.4,,14,,,,,,,,community resolution,,,,y
226,greater manchester police,Greater Manchester,2629.4,,14,,skype,,,,,,community resolution,,,,y
265,greater manchester police,Greater Manchester,2629.4,,14,,facebook,,,,,,community resolution,,,,y
161,greater manchester police,Greater Manchester,2629.4,,15,,facebook,,,,,,community resolution,,,,y
243,greater manchester police,Greater Manchester,2629.4,,15,,facebook,,,,,,community resolution,,,,y
271,greater manchester police,Greater Manchester,2629.4,,15,,facebook,,,,,,ongoing,,,,y
191,greater manchester police,Greater Manchester,2629.4,,16,,,,,,,,ongoing,,,,y
246,greater manchester police,Greater Manchester,2629.4,,16,,facebook,,,,,,ongoing,,,,y
267,greater manchester police,Greater Manchester,2629.4,,16,,,,,,,,community resolution,,,,y
154,greater manchester police,Greater Manchester,2629.4,,17,,facebook,,,,,,no action,,,,y
165,greater manchester police,Greater Manchester,2629.4,,17,,whatsapp,,,,,,,,,,y
178,greater manchester police,Greater Manchester,2629.4,,17,,facebook,,,,,,charge,,,,y
196,greater manchester police,Greater Manchester,2629.4,,17,,facebook,,,,,,charge,,,,y
247,greater manchester police,Greater Manchester,2629.4,,17,,kik,instagram,,,,,other force,,,,y
254,greater manchester police,Greater Manchester,2629.4,,17,,snapchat,instagram,,,,,ongoing,,,,y
260,greater manchester police,Greater Manchester,2629.4,,17,,instagram,,,,,,no action,evidential difficulties,,,y
272,greater manchester police,Greater Manchester,2629.4,,17,,BBM,,,,,,no action,victim withdraws support,,,y
172,greater manchester police,Greater Manchester,2629.4,,18,,facebook,,,,,,no action,evidential difficulties,,,y
184,greater manchester police,Greater Manchester,2629.4,,18,,tumblr,,,,,,no action,victim withdraws support,,,y
205,greater manchester police,Greater Manchester,2629.4,,18,,facebook,,,,,,no action,victim withdraws support,,,y
211,greater manchester police,Greater Manchester,2629.4,,18,,,,,,,,ongoing,,,,y
232,greater manchester police,Greater Manchester,2629.4,,18,,facebook,,,,,,no action,,,,y
237,greater manchester police,Greater Manchester,2629.4,,18,,snapchat,,,,,,community resolution,,,,y
249,greater manchester police,Greater Manchester,2629.4,,18,,facebook,,,,,,community resolution,,,,y
257,greater manchester police,Greater Manchester,2629.4,,18,,,,,,,,community resolution,,,,y
259,greater manchester police,Greater Manchester,2629.4,,18,,,,,,,,no action,evidential difficulties,,,y
262,greater manchester police,Greater Manchester,2629.4,,18,,facebook,,,,,,ongoing,,,,y
181,greater manchester police,Greater Manchester,2629.4,,19,,,,,,,,caution,,,,y
217,greater manchester police,Greater Manchester,2629.4,,19,,facebook,,,,,,caution,,,,y
220,greater manchester police,Greater Manchester,2629.4,,19,,,,,,,,no action,evidential difficulties,,,y
224,greater manchester police,Greater Manchester,2629.4,,19,,facebook,,,,,,no action,,,,y
230,greater manchester police,Greater Manchester,2629.4,,19,,facebook,,,,,,no action,victim withdraws support,,,y
252,greater manchester police,Greater Manchester,2629.4,,19,,facebook,,,,,,no action,victim withdraws support,,,y
179,greater manchester police,Greater Manchester,2629.4,,20,,,,,,,,community resolution,,,,y
183,greater manchester police,Greater Manchester,2629.4,,20,,snapchat,,,,,,ongoing,,,,y
200,greater manchester police,Greater Manchester,2629.4,,20,,,,,,,,no action,victim withdraws support,,,y
201,greater manchester police,Greater Manchester,2629.4,,20,,facebook,,,,,,charge,,,,y
202,greater manchester police,Greater Manchester,2629.4,,20,,facebook,,,,,,charge,,,,y
219,greater manchester police,Greater Manchester,2629.4,,20,,facebook,,,,,,no action,victim withdraws support,,,y
221,greater manchester police,Greater Manchester,2629.4,,20,,facebook,,,,,,no action,,,,y
228,greater manchester police,Greater Manchester,2629.4,,20,,facebook,,,,,,charge,,,,y
270,greater manchester police,Greater Manchester,2629.4,,20,,facebook,,,,,,caution,,,,y
180,greater manchester police,Greater Manchester,2629.4,,21,,plenty of fish,facebook,,,,,community resolution,,,,y
198,greater manchester police,Greater Manchester,2629.4,,21,,facebook,,,,,,caution,,,,y
199,greater manchester police,Greater Manchester,2629.4,,21,,,,,,,,community resolution,,,,y
244,greater manchester police,Greater Manchester,2629.4,,21,,,,,,,,caution,,,,y
266,greater manchester police,Greater Manchester,2629.4,,21,,,,,,,,charge,,,,y
157,greater manchester police,Greater Manchester,2629.4,,22,,facebook,,,,,,no action,victim withdraws support,,,y
162,greater manchester police,Greater Manchester,2629.4,,22,,facebook,,,,,,charge,,,,y
197,greater manchester police,Greater Manchester,2629.4,,22,,facebook,,,,,,no action,victim withdraws support,,,y
231,greater manchester police,Greater Manchester,2629.4,,22,,facebook,,,,,,charge,,,,y
239,greater manchester police,Greater Manchester,2629.4,,22,,whatsapp,,,,,,charge,,,,y
251,greater manchester police,Greater Manchester,2629.4,,22,,facebook,,,,,,no action,victim withdraws support,,,y
256,greater manchester police,Greater Manchester,2629.4,,22,,,,,,,,no action,,,,y
207,greater manchester police,Greater Manchester,2629.4,,23,,,,,,,,charge,,,,y
258,greater manchester police,Greater Manchester,2629.4,,23,,facebook,whatsapp,,,,,no action,evidential difficulties,,,y
263,greater manchester police,Greater Manchester,2629.4,,23,,,,,,,,ongoing,,,,y
273,greater manchester police,Greater Manchester,2629.4,,23,,facebook,,,,,,no action,victim withdraws support,,,y
155,greater manchester police,Greater Manchester,2629.4,,24,,plenty of fish,,,,,,no action,evidential difficulties,,,y
168,greater manchester police,Greater Manchester,2629.4,,24,,instagram,,,,,,no action,victim withdraws support,,,y
171,greater manchester police,Greater Manchester,2629.4,,24,,facebook,,,,,,caution,,,,y
173,greater manchester police,Greater Manchester,2629.4,,24,,facebook,,,,,,charge,,,,y
206,greater manchester police,Greater Manchester,2629.4,,24,,facebook,,,,,,community resolution,,,,y
210,greater manchester police,Greater Manchester,2629.4,,24,,facebook,,,,,,no action,victim withdraws support,,,y
216,greater manchester police,Greater Manchester,2629.4,,24,,facebook,,,,,,charge,,,,y
156,greater manchester police,Greater Manchester,2629.4,,25,,plenty of fish,,,,,,community resolution,,,,y
264,greater manchester police,Greater Manchester,2629.4,,25,,facebook,,,,,,warrant,,,,y
269,greater manchester police,Greater Manchester,2629.4,,25,,facebook,,,,,,no action,,,,y
214,greater manchester police,Greater Manchester,2629.4,,26,,facebook,,,,,,community resolution,,,,y
227,greater manchester police,Greater Manchester,2629.4,,26,,facebook,,,,,,no action,,,,y
235,greater manchester police,Greater Manchester,2629.4,,26,,,,,,,,charge,,,,y
242,greater manchester police,Greater Manchester,2629.4,,26,,facebook,,,,,,no action,,,,y
245,greater manchester police,Greater Manchester,2629.4,,26,,facebook,,,,,,no action,,,,y
152,greater manchester police,Greater Manchester,2629.4,,27,,,,,,,,charge,,,,y
209,greater manchester police,Greater Manchester,2629.4,,27,,,,,,,,warrant,,,,y
166,greater manchester police,Greater Manchester,2629.4,,28,,instagram,,,,,,community resolution,,,,y
208,greater manchester police,Greater Manchester,2629.4,,28,,youtube,,,,,,no action,,,,y
213,greater manchester police,Greater Manchester,2629.4,,28,,instagram,,,,,,,,,,y
248,greater manchester police,Greater Manchester,2629.4,,29,,whatsapp,,,,,,charge,,,,y
238,greater manchester police,Greater Manchester,2629.4,,30,,facebook,,,,,,no action,evidential difficulties,,,y
153,greater manchester police,Greater Manchester,2629.4,,31,,instagram,,,,,,community resolution,,,,y
182,greater manchester police,Greater Manchester,2629.4,,31,,,,,,,,no action,evidential difficulties,,,y
236,greater manchester police,Greater Manchester,2629.4,,31,,,,,,,,no action,victim withdraws support,,,y
158,greater manchester police,Greater Manchester,2629.4,,32,,facebook,,,,,,no action,,,,y
218,greater manchester police,Greater Manchester,2629.4,,32,,facebook,,,,,,charge,,,,y
203,greater manchester police,Greater Manchester,2629.4,,33,,facebook,,,,,,charge,,,,y
163,greater manchester police,Greater Manchester,2629.4,,34,,facebook,,,,,,no action,evidential difficulties,,,y
177,greater manchester police,Greater Manchester,2629.4,,34,,facebook,,,,,,no action,victim withdraws support,,,y
255,greater manchester police,Greater Manchester,2629.4,,34,,facebook,,,,,,community resolution,,,,y
159,greater manchester police,Greater Manchester,2629.4,,35,,facebook,,,,,,no action,,,,y
169,greater manchester police,Greater Manchester,2629.4,,35,,facebook,tango,viber,instagram,,,no action,,,,y
170,greater manchester police,Greater Manchester,2629.4,,35,,facebook,,,,,,no action,victim withdraws support,,,y
212,greater manchester police,Greater Manchester,2629.4,,35,,facebook,,,,,,charge,,,,y
151,greater manchester police,Greater Manchester,2629.4,,36,,facebook,,,,,,community resolution,,,,y
234,greater manchester police,Greater Manchester,2629.4,,36,,facebook,,,,,,other force,,,,y
250,greater manchester police,Greater Manchester,2629.4,,36,,facebook,,,,,,no action,victim withdraws support,,,y
240,greater manchester police,Greater Manchester,2629.4,,38,,whatsapp,,,,,,no action,victim withdraws support,,,y
241,greater manchester police,Greater Manchester,2629.4,,38,,facebook,,,,,,charge,,,,y
253,greater manchester police,Greater Manchester,2629.4,,38,,facebook,youtube,,,,,ongoing,,,,y
261,greater manchester police,Greater Manchester,2629.4,,38,,,,,,,,no action,evidential difficulties,,,y
195,greater manchester police,Greater Manchester,2629.4,,41,,facebook,,,,,,charge,,,,y
215,greater manchester police,Greater Manchester,2629.4,,41,,facebook,,,,,,charge,,,,y
268,greater manchester police,Greater Manchester,2629.4,,41,,facebook,,,,,,no action,,,,y
175,greater manchester police,Greater Manchester,2629.4,,44,,google,facebook,,,,,charge,,,,y
186,greater manchester police,Greater Manchester,2629.4,,45,,facebook,,,,,,no action,,,,y
229,greater manchester police,Greater Manchester,2629.4,,49,,facebook,,,,,,suspect dead,,,,y
233,greater manchester police,Greater Manchester,2629.4,,51,,facebook,,,,,,charge,,,,y
176,greater manchester police,Greater Manchester,2629.4,,54,,,,,,,,no action,,,,y
294,hertfordshire police,Hertfordshire,1107.5,,28,,,,,,,,,,,,y
293,hertfordshire police,Hertfordshire,1107.5,,,,,,,,,,,,,,y
295,hertfordshire police,Hertfordshire,1107.5,,18,,,,,,,,,,,,y
289,hertfordshire police,Hertfordshire,1107.5,,,,,,,,,,charge,,,,y
275,hertfordshire police,Hertfordshire,1107.5,,28,,,,,,,,,,,,y
288,hertfordshire police,Hertfordshire,1107.5,,,,,,,,,,charge,,,,y
285,hertfordshire police,Hertfordshire,1107.5,,34,,,,,,,,,,,,y
292,hertfordshire police,Hertfordshire,1107.5,,,,,,,,,,,,,,y
283,hertfordshire police,Hertfordshire,1107.5,,40,,,,,,,,,,,,y
274,hertfordshire police,Hertfordshire,1107.5,,,,,,,,,,,,,,y
276,hertfordshire police,Hertfordshire,1107.5,,,,,,,,,,,,,,y
280,hertfordshire police,Hertfordshire,1107.5,,30,,,,,,,,,,,,y
277,hertfordshire police,Hertfordshire,1107.5,,,,,,,,,,,,,,y
290,hertfordshire police,Hertfordshire,1107.5,,40,,,,,,,,,,,,y
278,hertfordshire police,Hertfordshire,1107.5,,,,,,,,,,,,,,y
281,hertfordshire police,Hertfordshire,1107.5,,22,,,,,,,,,,,,y
296,hertfordshire police,Hertfordshire,1107.5,,,,,,,,,,,,,,y
279,hertfordshire police,Hertfordshire,1107.5,,,,,,,,,,,,,,y
282,hertfordshire police,Hertfordshire,1107.5,,,,,,,,,,caution,,,,y
284,hertfordshire police,Hertfordshire,1107.5,,19,,,,,,,,,,,,y
286,hertfordshire police,Hertfordshire,1107.5,,,,,,,,,,,,,,y
287,hertfordshire police,Hertfordshire,1107.5,,,,,,,,,,,,,,y
291,hertfordshire police,Hertfordshire,1107.5,,18,,,,,,,,,,,,y
,hertfordshire police,Hertfordshire,1107.5,,17,,,,,,,,,,,,y
,hertfordshire police,Hertfordshire,1107.5,,,,,,,,,,,,,,y
,hertfordshire police,Hertfordshire,1107.5,,,,,,,,,,charge,,,,y
,hertfordshire police,Hertfordshire,1107.5,,19,,,,,,,,,,,,y
,hertfordshire police,Hertfordshire,1107.5,,15,,,,,,,,,,,,y
,hertfordshire police,Hertfordshire,1107.5,,13,,,,,,,,,,,,y
,hertfordshire police,Hertfordshire,1107.5,,16,,,,,,,,,,,,y
,hertfordshire police,Hertfordshire,1107.5,,,,,,,,,,charge,,,,y
,hertfordshire police,Hertfordshire,1107.5,,56,,,,,,,,,,,,y
307,humberside police,Humberside,921.2,october,11,,Mobile Phone,,,,,,no action,,,,y
300,humberside police,Humberside,921.2,july,13,,Facebook,,,,,,no action,,,,y
301,humberside police,Humberside,921.2,august,14,,snapchat,,,,,,no action,,,,y
302,humberside police,Humberside,921.2,august,14,,Facebook,,,,,,no action,,,,y
304,humberside police,Humberside,921.2,september,14,,Facebook,,,,,,no action,,,,y
323,humberside police,Humberside,921.2,december,15,,Mobile Phone,,,,,,no action,,,,y
312,humberside police,Humberside,921.2,november,16,,,,,,,,no action,,,,y
321,humberside police,Humberside,921.2,december,16,,Facebook,,,,,,no action,,,,y
305,humberside police,Humberside,921.2,october,17,,Mobile Phone,,,,,,community resolution,,,,y
299,humberside police,Humberside,921.2,july,18,,Facebook,,,,,,caution,,,,y
308,humberside police,Humberside,921.2,october,18,,Facebook,,,,,,charge,,,,y
318,humberside police,Humberside,921.2,december,19,,Facebook,,,,,,no action,,,,y
320,humberside police,Humberside,921.2,december,19,,Facebook,,,,,,,,,,y
325,humberside police,Humberside,921.2,december,19,,Facebook,,,,,,no action,,,,y
298,humberside police,Humberside,921.2,july,21,,,,,,,,no action,,,,y
309,humberside police,Humberside,921.2,october,24,,Mobile Phone,,,,,,no action,,,,y
297,humberside police,Humberside,921.2,may,25,,Facebook,,,,,,no action,,,,y
303,humberside police,Humberside,921.2,september,25,,Facebook,,,,,,no action,,,,y
316,humberside police,Humberside,921.2,december,25,,Facebook,,,,,,no action,,,,y
317,humberside police,Humberside,921.2,december,25,,Mobile Phone,,,,,,no action,,,,y
322,humberside police,Humberside,921.2,december,26,,Facebook,,,,,,no action,,,,y
310,humberside police,Humberside,921.2,november,27,,kik,,,,,,charge,,,,y
311,humberside police,Humberside,921.2,november,27,,Tinder,,,,,,,,,,y
326,humberside police,Humberside,921.2,december,27,,Facebook,,,,,,no action,,,,y
314,humberside police,Humberside,921.2,december,30,,Facebook,,,,,,,,,,y
313,humberside police,Humberside,921.2,december,31,,Mobile Phone,,,,,,no action,,,,y
306,humberside police,Humberside,921.2,october,34,,Mobile Phone,,,,,,no action,,,,y
319,humberside police,Humberside,921.2,december,34,,Facebook,,,,,,no action,,,,y
315,humberside police,Humberside,921.2,december,46,,Mobile Phone,,,,,,no action,,,,y
324,humberside police,Humberside,921.2,december,,,Facebook,,,,,,no action,,,,y
55,kent police,Kent,1684.1,april,15,,,,,,,nn,ongoing,,,,n
56,kent police,Kent,1684.1,may,15,,,,,,,nn,caution,,,,n
57,kent police,Kent,1684.1,may,16,,,,,,,nn,caution,,,,n
58,kent police,Kent,1684.1,may,17,,,,,,,nn,charge,,,,n
59,kent police,Kent,1684.1,may,17,,,,,,,nn,charge,,,,n
60,kent police,Kent,1684.1,may,17,,,,,,,nn,charge,,,,n
61,kent police,Kent,1684.1,may,17,,,,,,,nn,charge,,,,n
62,kent police,Kent,1684.1,June,17,,,,,,,nn,charge,,,,n
63,kent police,Kent,1684.1,June,17,,,,,,,nn,no action,evidential difficulties,,,n
64,kent police,Kent,1684.1,June,18,,,,,,,nn,no action,evidential difficulties,,,n
65,kent police,Kent,1684.1,June,19,,,,,,,nn,no action,evidential difficulties,,,n
66,kent police,Kent,1684.1,july,19,,,,,,,nn,no action,evidential difficulties,,,n
67,kent police,Kent,1684.1,july,19,,,,,,,nn,no action,evidential difficulties,,,n
68,kent police,Kent,1684.1,july,20,,,,,,,nn,no action,victim withdraws support,,,n
69,kent police,Kent,1684.1,july,22,,,,,,,nn,no action,victim withdraws support,,,n
70,kent police,Kent,1684.1,july,22,,,,,,,nn,no action,victim withdraws support,,,n
71,kent police,Kent,1684.1,august,22,,,,,,,nn,no action,victim withdraws support,,,n
72,kent police,Kent,1684.1,august,22,,,,,,,nn,no action,victim withdraws support,,,n
73,kent police,Kent,1684.1,august,23,,,,,,,nn,no action,victim withdraws support,,,n
74,kent police,Kent,1684.1,august,24,,,,,,,nn,no action,victim withdraws support,,,n
75,kent police,Kent,1684.1,august,25,,,,,,,nn,no action,victim withdraws support,,,n
76,kent police,Kent,1684.1,September,25,,,,,,,nn,no action,victim withdraws support,,,n
77,kent police,Kent,1684.1,September,25,,,,,,,nn,no action,victim withdraws support,,,n
78,kent police,Kent,1684.1,September,25,,,,,,,nn,no action,victim withdraws support,,,n
79,kent police,Kent,1684.1,September,25,,,,,,,nn,no action,victim withdraws support,,,n
80,kent police,Kent,1684.1,September,26,,,,,,,nn,no action,victim withdraws support,,,n
81,kent police,Kent,1684.1,September,27,,,,,,,nn,no action,victim withdraws support,,,n
82,kent police,Kent,1684.1,September,28,,,,,,,nn,no action,victim withdraws support,,,n
83,kent police,Kent,1684.1,September,28,,,,,,,nn,no action,victim withdraws support,,,n
84,kent police,Kent,1684.1,october,28,,,,,,,nn,no action,victim withdraws support,,,n
85,kent police,Kent,1684.1,october,29,,,,,,,nn,no action,victim withdraws support,,,n
86,kent police,Kent,1684.1,November,34,,,,,,,nn,no action,victim withdraws support,,,n
87,kent police,Kent,1684.1,november,34,,,,,,,nn,no action,victim withdraws support,,,n
88,kent police,Kent,1684.1,November,35,,,,,,,nn,no action,victim withdraws support,,,n
89,kent police,Kent,1684.1,November,37,,,,,,,nn,no action,victim withdraws support,,,n
90,kent police,Kent,1684.1,November,37,,,,,,,nn,no action,victim withdraws support,,,n
91,kent police,Kent,1684.1,November,37,,,,,,,nn,no action,victim withdraws support,,,n
92,kent police,Kent,1684.1,November,40,,,,,,,nn,no action,victim withdraws support,,,n
93,kent police,Kent,1684.1,November,41,,,,,,,nn,no action,victim withdraws support,,,n
94,kent police,Kent,1684.1,December,42,,,,,,,nn,no action,victim withdraws support,,,n
95,kent police,Kent,1684.1,December,47,,,,,,,nn,no action,victim withdraws support,,,n
96,kent police,Kent,1684.1,December,48,,,,,,,nn,no action,victim withdraws support,,,n
97,kent police,Kent,1684.1,December,50,,,,,,,nn,no action,victim withdraws support,,,n
329,lancashire police,Lancashire,1449.3,june,13,,facebook,,,,,,ongoing,,,,n
330,lancashire police,Lancashire,1449.3,june,14,,facebook,,,,,,no action,,,y,n
331,lancashire police,Lancashire,1449.3,june,16,,,,,,,,no action,,,y,n
332,lancashire police,Lancashire,1449.3,june,16,,,,,,,,no action,,,,n
333,lancashire police,Lancashire,1449.3,june,16,,,,,,,,no action,,,,n
334,lancashire police,Lancashire,1449.3,july,17,,,,,,,,no action,,,y,n
335,lancashire police,Lancashire,1449.3,july,17,,facebook,,,,,,no action,,,y,n
336,lancashire police,Lancashire,1449.3,july,17,,facebook,,,,,,no action,,,,n
337,lancashire police,Lancashire,1449.3,july,17,,facebook,,,,,,no action,,,,n
338,lancashire police,Lancashire,1449.3,july,17,,,,,,,,no action,,,y,n
339,lancashire police,Lancashire,1449.3,august,17,,facebook,,,,,,no action,,,y,n
340,lancashire police,Lancashire,1449.3,august,18,,facebook,,,,,,no action,,,,n
341,lancashire police,Lancashire,1449.3,august,18,,facebook,,,,,,no action,,,,n
342,lancashire police,Lancashire,1449.3,august,21,,,,,,,,no action,,,y,n
343,lancashire police,Lancashire,1449.3,august,21,,facebook,,,,,,no action,,,,n
344,lancashire police,Lancashire,1449.3,september,21,,facebook,,,,,,no action,,,,n
345,lancashire police,Lancashire,1449.3,september,22,,facebook,,,,,,no action,,,y,n
346,lancashire police,Lancashire,1449.3,september,23,,facebook,,,,,,no action,,,y,n
347,lancashire police,Lancashire,1449.3,september,23,,facebook,,,,,,no action,,,,n
348,lancashire police,Lancashire,1449.3,september,24,,facebook,,,,,,no action,,,,n
349,lancashire police,Lancashire,1449.3,october,25,,facebook,,,,,,no action,,,y,n
350,lancashire police,Lancashire,1449.3,october,25,,,,,,,,no action,,,y,n
351,lancashire police,Lancashire,1449.3,october,26,,,,,,,,no action,,,,n
352,lancashire police,Lancashire,1449.3,october,26,,,,,,,,no action,,,,n
353,lancashire police,Lancashire,1449.3,october,26,,,,,,,,caution,,,,n
354,lancashire police,Lancashire,1449.3,november,27,,facebook,,,,,,caution,,,,n
355,lancashire police,Lancashire,1449.3,november,27,,,,,,,,community resolution,,,,n
356,lancashire police,Lancashire,1449.3,november,29,,,,,,,,community resolution,,,,n
357,lancashire police,Lancashire,1449.3,november,30,,,,,,,,no action,,,,n
358,lancashire police,Lancashire,1449.3,november,31,,,,,,,,no action,,,,n
359,lancashire police,Lancashire,1449.3,november,32,,facebook,,,,,,no action,,,,n
360,lancashire police,Lancashire,1449.3,november,33,,facebook,,,,,,no action,,,,n
361,lancashire police,Lancashire,1449.3,november,41,,,,,,,,no action,,,,n
362,lancashire police,Lancashire,1449.3,november,46,,,,,,,,no action,,,y,n
327,lancashire police,Lancashire,1449.3,may,,,Facebook,,,,,,ongoing,,,,y
328,lancashire police,Lancashire,1449.3,may,,,,,,,,,ongoing,,,y,n
363,lancashire police,Lancashire,1449.3,december,,,,,,,,,no action,,,y,n
364,lancashire police,Lancashire,1449.3,december,,,,,,,,,no action,,,,n
365,lancashire police,Lancashire,1449.3,december,,,,,,,,,no action,,,,n
366,lancashire police,Lancashire,1449.3,december,,,,,,,,,no action,,,,n
367,merseyside police,Merseyside,1353.4,,,,,,,,,,charge,,,,n
368,merseyside police,Merseyside,1353.4,,,,,,,,,,charge,,,,n
369,merseyside police,Merseyside,1353.4,,,,,,,,,,charge,,,,n
370,merseyside police,Merseyside,1353.4,,,,,,,,,,charge,,,,n
371,merseyside police,Merseyside,1353.4,,,,,,,,,,charge,,,,n
372,merseyside police,Merseyside,1353.4,,,,,,,,,,charge,,,,n
373,merseyside police,Merseyside,1353.4,,,,,,,,,,charge,,,,n
374,merseyside police,Merseyside,1353.4,,,,,,,,,,no action,,,,n
375,merseyside police,Merseyside,1353.4,,,,,,,,,,no action,,,,n
376,merseyside police,Merseyside,1353.4,,,,,,,,,,no action,,,,n
377,merseyside police,Merseyside,1353.4,,,,,,,,,,no action,,,,n
378,merseyside police,Merseyside,1353.4,,,,,,,,,,no action,,,,n
379,merseyside police,Merseyside,1353.4,,,,,,,,,,no action,,,,n
380,merseyside police,Merseyside,1353.4,,,,,,,,,,no action,,,,n
381,merseyside police,Merseyside,1353.4,,,,,,,,,,no action,,,,n
382,merseyside police,Merseyside,1353.4,,,,,,,,,,no action,,,,n
383,merseyside police,Merseyside,1353.4,,,,,,,,,,no action,,,,n
384,merseyside police,Merseyside,1353.4,,,,,,,,,,no action,,,,n
385,merseyside police,Merseyside,1353.4,,,,,,,,,,no action,,,,n
386,merseyside police,Merseyside,1353.4,,,,,,,,,,no action,,,,n
387,merseyside police,Merseyside,1353.4,,,,,,,,,,no action,,,,n
388,merseyside police,Merseyside,1353.4,,,,,,,,,,no action,,,,n
389,merseyside police,Merseyside,1353.4,,,,,,,,,,no action,,,,n
390,merseyside police,Merseyside,1353.4,,,,,,,,,,no action,,,,n
391,merseyside police,Merseyside,1353.4,,,,,,,,,,no action,,,,n
392,merseyside police,Merseyside,1353.4,,,,,,,,,,no action,,,,n
393,merseyside police,Merseyside,1353.4,,,,,,,,,,no action,,,,n
394,merseyside police,Merseyside,1353.4,,,,,,,,,,no action,,,,n
395,merseyside police,Merseyside,1353.4,,,,,,,,,,no action,,,,n
396,merseyside police,Merseyside,1353.4,,,,,,,,,,no action,,,,n
397,merseyside police,Merseyside,1353.4,,,,,,,,,,no action,,,,n
398,merseyside police,Merseyside,1353.4,,,,,,,,,,no action,,,,n
399,merseyside police,Merseyside,1353.4,,,,,,,,,,no action,,,,n
400,merseyside police,Merseyside,1353.4,,,,,,,,,,no action,,,,n
401,merseyside police,Merseyside,1353.4,,,,,,,,,,no action,,,,n
402,merseyside police,Merseyside,1353.4,,,,,,,,,,ongoing,,,,n
403,merseyside police,Merseyside,1353.4,,,,,,,,,,ongoing,,,,n
404,merseyside police,Merseyside,1353.4,,,,,,,,,,ongoing,,,,n
405,merseyside police,Merseyside,1353.4,,,,,,,,,,ongoing,,,,n
406,merseyside police,Merseyside,1353.4,,,,,,,,,,ongoing,,,,n
407,merseyside police,Merseyside,1353.4,,,,,,,,,,ongoing,,,,n
408,merseyside police,Merseyside,1353.4,,,,,,,,,,ongoing,,,,n
409,merseyside police,Merseyside,1353.4,,,,,,,,,,ongoing,,,,n
410,merseyside police,Merseyside,1353.4,,,,,,,,,,ongoing,,,,n
411,merseyside police,Merseyside,1353.4,,,,,,,,,,ongoing,,,,n
412,merseyside police,Merseyside,1353.4,,,,,,,,,,ongoing,,,,n
413,merseyside police,Merseyside,1353.4,,,,,,,,,,ongoing,,,,n
414,merseyside police,Merseyside,1353.4,,,,,,,,,,ongoing,,,,n
415,merseyside police,Merseyside,1353.4,,,,,,,,,,ongoing,,,,n
416,merseyside police,Merseyside,1353.4,,,,,,,,,,ongoing,,,,n
417,merseyside police,Merseyside,1353.4,,,,,,,,,,community resolution,,,,n
418,merseyside police,Merseyside,1353.4,,,,,,,,,,community resolution,,,,n
419,merseyside police,Merseyside,1353.4,,,,,,,,,,community resolution,,,,n
420,met police,Metropolitan Police,7813.5,april,,10 to 19,,,,,,,caution,,,,n
421,met police,Metropolitan Police,7813.5,april,,10 to 19,,,,,,,caution,,,,n
422,met police,Metropolitan Police,7813.5,april,,10 to 19,,,,,,,caution,,,,n
423,met police,Metropolitan Police,7813.5,may,,10 to 19,,,,,,,caution,,,,n
424,met police,Metropolitan Police,7813.5,may,,10 to 19,,,,,,,caution,,,,n
425,met police,Metropolitan Police,7813.5,may,,10 to 19,,,,,,,caution,,,,n
426,met police,Metropolitan Police,7813.5,may,,10 to 19,,,,,,,caution,,,,n
427,met police,Metropolitan Police,7813.5,may,,10 to 19,,,,,,,caution,,,,n
428,met police,Metropolitan Police,7813.5,may,,10 to 19,,,,,,,caution,,,,n
429,met police,Metropolitan Police,7813.5,june,,10 to 19,,,,,,,caution,,,,n
430,met police,Metropolitan Police,7813.5,june,,10 to 19,,,,,,,caution,,,,n
431,met police,Metropolitan Police,7813.5,june,,10 to 19,,,,,,,caution,,,,n
432,met police,Metropolitan Police,7813.5,june,,10 to 19,,,,,,,caution,,,,n
433,met police,Metropolitan Police,7813.5,june,,10 to 19,,,,,,,caution,,,,n
434,met police,Metropolitan Police,7813.5,june,,10 to 19,,,,,,,caution,,,,n
435,met police,Metropolitan Police,7813.5,june,,10 to 19,,,,,,,caution,,,,n
436,met police,Metropolitan Police,7813.5,june,,10 to 19,,,,,,,caution,,,,n
437,met police,Metropolitan Police,7813.5,june,,10 to 19,,,,,,,caution,,,,n
438,met police,Metropolitan Police,7813.5,june,,10 to 19,,,,,,,charge,,,,n
439,met police,Metropolitan Police,7813.5,june,,10 to 19,,,,,,,charge,,,,n
440,met police,Metropolitan Police,7813.5,june,,10 to 19,,,,,,,charge,,,,n
441,met police,Metropolitan Police,7813.5,june,,10 to 19,,,,,,,charge,,,,n
442,met police,Metropolitan Police,7813.5,june,,10 to 19,,,,,,,charge,,,,n
443,met police,Metropolitan Police,7813.5,june,,10 to 19,,,,,,,charge,,,,n
444,met police,Metropolitan Police,7813.5,june,,10 to 19,,,,,,,charge,,,,n
445,met police,Metropolitan Police,7813.5,june,,10 to 19,,,,,,,charge,,,,n
446,met police,Metropolitan Police,7813.5,june,,10 to 19,,,,,,,charge,,,,n
447,met police,Metropolitan Police,7813.5,june,,10 to 19,,,,,,,charge,,,,n
448,met police,Metropolitan Police,7813.5,june,,10 to 19,,,,,,,charge,,,,n
449,met police,Metropolitan Police,7813.5,june,,10 to 19,,,,,,,charge,,,,n
450,met police,Metropolitan Police,7813.5,june,,10 to 19,,,,,,,charge,,,,n
451,met police,Metropolitan Police,7813.5,june,,10 to 19,,,,,,,community resolution,,,,n
452,met police,Metropolitan Police,7813.5,june,,10 to 19,,,,,,,community resolution,,,,n
453,met police,Metropolitan Police,7813.5,june,,10 to 19,,,,,,,community resolution,,,,n
454,met police,Metropolitan Police,7813.5,july,,10 to 19,,,,,,,no action,,,,n
455,met police,Metropolitan Police,7813.5,july,,10 to 19,,,,,,,no action,,,,n
456,met police,Metropolitan Police,7813.5,july,,10 to 19,,,,,,,no action,,,,n
457,met police,Metropolitan Police,7813.5,july,,10 to 19,,,,,,,no action,,,,n
458,met police,Metropolitan Police,7813.5,july,,10 to 19,,,,,,,no action,,,,n
459,met police,Metropolitan Police,7813.5,july,,10 to 19,,,,,,,no action,,,,n
460,met police,Metropolitan Police,7813.5,july,,10 to 19,,,,,,,no action,,,,n
461,met police,Metropolitan Police,7813.5,july,,10 to 19,,,,,,,no action,,,,n
462,met police,Metropolitan Police,7813.5,july,,10 to 19,,,,,,,no action,,,,n
463,met police,Metropolitan Police,7813.5,july,,10 to 19,,,,,,,no action,,,,n
464,met police,Metropolitan Police,7813.5,july,,10 to 19,,,,,,,no action,,,,n
465,met police,Metropolitan Police,7813.5,july,,10 to 19,,,,,,,no action,,,,n
466,met police,Metropolitan Police,7813.5,july,,10 to 19,,,,,,,no action,,,,n
467,met police,Metropolitan Police,7813.5,july,,10 to 19,,,,,,,no action,,,,n
468,met police,Metropolitan Police,7813.5,july,,10 to 19,,,,,,,no action,,,,n
469,met police,Metropolitan Police,7813.5,july,,10 to 19,,,,,,,no action,,,,n
470,met police,Metropolitan Police,7813.5,july,,10 to 19,,,,,,,no action,,,,n
471,met police,Metropolitan Police,7813.5,july,,10 to 19,,,,,,,no action,,,,n
472,met police,Metropolitan Police,7813.5,july,,10 to 19,,,,,,,no action,,,,n
473,met police,Metropolitan Police,7813.5,july,,10 to 19,,,,,,,no action,,,,n
474,met police,Metropolitan Police,7813.5,july,,10 to 19,,,,,,,no action,,,,n
475,met police,Metropolitan Police,7813.5,july,,10 to 19,,,,,,,no action,,,,n
476,met police,Metropolitan Police,7813.5,july,,10 to 19,,,,,,,no action,,,,n
477,met police,Metropolitan Police,7813.5,july,,10 to 19,,,,,,,no action,,,,n
478,met police,Metropolitan Police,7813.5,july,,10 to 19,,,,,,,no action,,,,n
479,met police,Metropolitan Police,7813.5,july,,10 to 19,,,,,,,no action,,,,n
480,met police,Metropolitan Police,7813.5,july,,10 to 19,,,,,,,no action,,,,n
481,met police,Metropolitan Police,7813.5,july,,10 to 19,,,,,,,no action,,,,n
482,met police,Metropolitan Police,7813.5,july,,10 to 19,,,,,,,no action,,,,n
483,met police,Metropolitan Police,7813.5,july,,10 to 19,,,,,,,no action,,,,n
484,met police,Metropolitan Police,7813.5,july,,10 to 19,,,,,,,no action,,,,n
485,met police,Metropolitan Police,7813.5,july,,10 to 19,,,,,,,no action,,,,n
486,met police,Metropolitan Police,7813.5,july,,10 to 19,,,,,,,no action,,,,n
487,met police,Metropolitan Police,7813.5,july,,10 to 19,,,,,,,no action,,,,n
488,met police,Metropolitan Police,7813.5,july,,10 to 19,,,,,,,no action,,,,n
489,met police,Metropolitan Police,7813.5,july,,10 to 19,,,,,,,no action,,,,n
490,met police,Metropolitan Police,7813.5,july,,10 to 19,,,,,,,no action,,,,n
491,met police,Metropolitan Police,7813.5,july,,10 to 19,,,,,,,no action,,,,n
492,met police,Metropolitan Police,7813.5,july,,10 to 19,,,,,,,no action,,,,n
493,met police,Metropolitan Police,7813.5,july,,10 to 19,,,,,,,no action,,,,n
494,met police,Metropolitan Police,7813.5,july,,10 to 19,,,,,,,no action,,,,n
495,met police,Metropolitan Police,7813.5,july,,10 to 19,,,,,,,no action,,,,n
496,met police,Metropolitan Police,7813.5,july,,10 to 19,,,,,,,no action,,,,n
497,met police,Metropolitan Police,7813.5,july,,10 to 19,,,,,,,no action,,,,n
498,met police,Metropolitan Police,7813.5,july,,10 to 19,,,,,,,no action,,,,n
499,met police,Metropolitan Police,7813.5,july,,10 to 19,,,,,,,no action,,,,n
500,met police,Metropolitan Police,7813.5,august,,10 to 19,,,,,,,no action,,,,n
501,met police,Metropolitan Police,7813.5,august,,10 to 19,,,,,,,no action,,,,n
502,met police,Metropolitan Police,7813.5,august,,10 to 19,,,,,,,no action,,,,n
503,met police,Metropolitan Police,7813.5,august,,10 to 19,,,,,,,no action,,,,n
504,met police,Metropolitan Police,7813.5,august,,10 to 19,,,,,,,no action,,,,n
505,met police,Metropolitan Police,7813.5,august,,10 to 19,,,,,,,no action,,,,n
506,met police,Metropolitan Police,7813.5,august,,10 to 19,,,,,,,no action,,,,n
507,met police,Metropolitan Police,7813.5,august,,10 to 19,,,,,,,no action,,,,n
508,met police,Metropolitan Police,7813.5,august,,10 to 19,,,,,,,no action,,,,n
509,met police,Metropolitan Police,7813.5,august,,10 to 19,,,,,,,no action,,,,n
510,met police,Metropolitan Police,7813.5,august,,10 to 19,,,,,,,no action,,,,n
511,met police,Metropolitan Police,7813.5,august,,10 to 19,,,,,,,no action,,,,n
512,met police,Metropolitan Police,7813.5,august,,10 to 19,,,,,,,no action,,,,n
513,met police,Metropolitan Police,7813.5,august,,10 to 19,,,,,,,no action,,,,n
514,met police,Metropolitan Police,7813.5,august,,10 to 19,,,,,,,no action,,,,n
515,met police,Metropolitan Police,7813.5,august,,10 to 19,,,,,,,no action,,,,n
516,met police,Metropolitan Police,7813.5,august,,10 to 19,,,,,,,no action,,,,n
517,met police,Metropolitan Police,7813.5,august,,10 to 19,,,,,,,no action,,,,n
518,met police,Metropolitan Police,7813.5,august,,10 to 19,,,,,,,no action,,,,n
519,met police,Metropolitan Police,7813.5,august,,10 to 19,,,,,,,no action,,,,n
520,met police,Metropolitan Police,7813.5,august,,10 to 19,,,,,,,no action,,,,n
521,met police,Metropolitan Police,7813.5,august,,10 to 19,,,,,,,no action,,,,n
522,met police,Metropolitan Police,7813.5,august,,10 to 19,,,,,,,no action,,,,n
523,met police,Metropolitan Police,7813.5,august,,10 to 19,,,,,,,no action,,,,n
524,met police,Metropolitan Police,7813.5,august,,10 to 19,,,,,,,no action,,,,n
525,met police,Metropolitan Police,7813.5,august,,10 to 19,,,,,,,no action,,,,n
526,met police,Metropolitan Police,7813.5,august,,10 to 19,,,,,,,no action,,,,n
527,met police,Metropolitan Police,7813.5,august,,10 to 19,,,,,,,no action,,,,n
528,met police,Metropolitan Police,7813.5,august,,20 to 29,,,,,,,no action,,,,n
529,met police,Metropolitan Police,7813.5,august,,20 to 29,,,,,,,no action,,,,n
530,met police,Metropolitan Police,7813.5,august,,20 to 29,,,,,,,no action,,,,n
531,met police,Metropolitan Police,7813.5,august,,20 to 29,,,,,,,no action,,,,n
532,met police,Metropolitan Police,7813.5,august,,20 to 29,,,,,,,no action,,,,n
533,met police,Metropolitan Police,7813.5,august,,20 to 29,,,,,,,no action,,,,n
534,met police,Metropolitan Police,7813.5,september,,20 to 29,,,,,,,no action,,,,n
535,met police,Metropolitan Police,7813.5,september,,20 to 29,,,,,,,no action,,,,n
536,met police,Metropolitan Police,7813.5,september,,20 to 29,,,,,,,no action,,,,n
537,met police,Metropolitan Police,7813.5,september,,20 to 29,,,,,,,no action,,,,n
538,met police,Metropolitan Police,7813.5,september,,20 to 29,,,,,,,no action,,,,n
539,met police,Metropolitan Police,7813.5,september,,20 to 29,,,,,,,no action,,,,n
540,met police,Metropolitan Police,7813.5,september,,20 to 29,,,,,,,no action,,,,n
541,met police,Metropolitan Police,7813.5,september,,20 to 29,,,,,,,no action,,,,n
542,met police,Metropolitan Police,7813.5,september,,20 to 29,,,,,,,ongoing,,,,n
543,met police,Metropolitan Police,7813.5,september,,20 to 29,,,,,,,ongoing,,,,n
544,met police,Metropolitan Police,7813.5,september,,20 to 29,,,,,,,ongoing,,,,n
545,met police,Metropolitan Police,7813.5,september,,20 to 29,,,,,,,ongoing,,,,n
546,met police,Metropolitan Police,7813.5,september,,20 to 29,,,,,,,ongoing,,,,n
547,met police,Metropolitan Police,7813.5,september,,20 to 29,,,,,,,ongoing,,,,n
548,met police,Metropolitan Police,7813.5,september,,20 to 29,,,,,,,ongoing,,,,n
549,met police,Metropolitan Police,7813.5,september,,20 to 29,,,,,,,ongoing,,,,n
550,met police,Metropolitan Police,7813.5,september,,20 to 29,,,,,,,ongoing,,,,n
551,met police,Metropolitan Police,7813.5,september,,20 to 29,,,,,,,ongoing,,,,n
552,met police,Metropolitan Police,7813.5,september,,20 to 29,,,,,,,ongoing,,,,n
553,met police,Metropolitan Police,7813.5,september,,20 to 29,,,,,,,ongoing,,,,n
554,met police,Metropolitan Police,7813.5,september,,20 to 29,,,,,,,ongoing,,,,n
555,met police,Metropolitan Police,7813.5,september,,20 to 29,,,,,,,ongoing,,,,n
556,met police,Metropolitan Police,7813.5,september,,20 to 29,,,,,,,ongoing,,,,n
557,met police,Metropolitan Police,7813.5,september,,20 to 29,,,,,,,ongoing,,,,n
558,met police,Metropolitan Police,7813.5,september,,20 to 29,,,,,,,ongoing,,,,n
559,met police,Metropolitan Police,7813.5,september,,20 to 29,,,,,,,ongoing,,,,n
560,met police,Metropolitan Police,7813.5,september,,20 to 29,,,,,,,ongoing,,,,n
561,met police,Metropolitan Police,7813.5,september,,20 to 29,,,,,,,ongoing,,,,n
562,met police,Metropolitan Police,7813.5,september,,20 to 29,,,,,,,ongoing,,,,n
563,met police,Metropolitan Police,7813.5,september,,20 to 29,,,,,,,ongoing,,,,n
564,met police,Metropolitan Police,7813.5,september,,20 to 29,,,,,,,ongoing,,,,n
565,met police,Metropolitan Police,7813.5,september,,20 to 29,,,,,,,ongoing,,,,n
566,met police,Metropolitan Police,7813.5,september,,20 to 29,,,,,,,ongoing,,,,n
567,met police,Metropolitan Police,7813.5,september,,20 to 29,,,,,,,ongoing,,,,n
568,met police,Metropolitan Police,7813.5,september,,20 to 29,,,,,,,ongoing,,,,n
569,met police,Metropolitan Police,7813.5,september,,20 to 29,,,,,,,ongoing,,,,n
570,met police,Metropolitan Police,7813.5,september,,20 to 29,,,,,,,ongoing,,,,n
571,met police,Metropolitan Police,7813.5,september,,20 to 29,,,,,,,ongoing,,,,n
572,met police,Metropolitan Police,7813.5,september,,20 to 29,,,,,,,ongoing,,,,n
573,met police,Metropolitan Police,7813.5,september,,20 to 29,,,,,,,ongoing,,,,n
574,met police,Metropolitan Police,7813.5,september,,20 to 29,,,,,,,ongoing,,,,n
575,met police,Metropolitan Police,7813.5,september,,20 to 29,,,,,,,ongoing,,,,n
576,met police,Metropolitan Police,7813.5,september,,20 to 29,,,,,,,ongoing,,,,n
577,met police,Metropolitan Police,7813.5,september,,20 to 29,,,,,,,ongoing,,,,n
578,met police,Metropolitan Police,7813.5,september,,20 to 29,,,,,,,ongoing,,,,n
579,met police,Metropolitan Police,7813.5,september,,20 to 29,,,,,,,ongoing,,,,n
580,met police,Metropolitan Police,7813.5,october,,20 to 29,,,,,,,ongoing,,,,n
581,met police,Metropolitan Police,7813.5,october,,20 to 29,,,,,,,ongoing,,,,n
582,met police,Metropolitan Police,7813.5,october,,50 to 59,,,,,,,ongoing,,,,n
583,met police,Metropolitan Police,7813.5,october,,50 to 59,,,,,,,ongoing,,,,n
584,met police,Metropolitan Police,7813.5,october,,20 to 29,,,,,,,ongoing,,,,n
585,met police,Metropolitan Police,7813.5,october,,20 to 29,,,,,,,ongoing,,,,n
586,met police,Metropolitan Police,7813.5,october,,20 to 29,,,,,,,ongoing,,,,n
587,met police,Metropolitan Police,7813.5,october,,20 to 29,,,,,,,ongoing,,,,n
588,met police,Metropolitan Police,7813.5,october,,20 to 29,,,,,,,ongoing,,,,n
589,met police,Metropolitan Police,7813.5,october,,20 to 29,,,,,,,ongoing,,,,n
590,met police,Metropolitan Police,7813.5,october,,20 to 29,,,,,,,ongoing,,,,n
591,met police,Metropolitan Police,7813.5,october,,20 to 29,,,,,,,ongoing,,,,n
592,met police,Metropolitan Police,7813.5,october,,20 to 29,,,,,,,ongoing,,,,n
593,met police,Metropolitan Police,7813.5,october,,20 to 29,,,,,,,ongoing,,,,n
594,met police,Metropolitan Police,7813.5,october,,20 to 29,,,,,,,ongoing,,,,n
595,met police,Metropolitan Police,7813.5,october,,20 to 29,,,,,,,ongoing,,,,n
596,met police,Metropolitan Police,7813.5,october,,20 to 29,,,,,,,ongoing,,,,n
597,met police,Metropolitan Police,7813.5,october,,20 to 29,,,,,,,ongoing,,,,n
598,met police,Metropolitan Police,7813.5,october,,20 to 29,,,,,,,ongoing,,,,n
599,met police,Metropolitan Police,7813.5,october,,20 to 29,,,,,,,ongoing,,,,n
600,met police,Metropolitan Police,7813.5,october,,20 to 29,,,,,,,ongoing,,,,n
601,met police,Metropolitan Police,7813.5,october,,20 to 29,,,,,,,ongoing,,,,n
602,met police,Metropolitan Police,7813.5,october,,20 to 29,,,,,,,ongoing,,,,n
603,met police,Metropolitan Police,7813.5,october,,20 to 29,,,,,,,ongoing,,,,n
604,met police,Metropolitan Police,7813.5,october,,20 to 29,,,,,,,ongoing,,,,n
605,met police,Metropolitan Police,7813.5,october,,20 to 29,,,,,,,other force,,,,n
606,met police,Metropolitan Police,7813.5,october,,20 to 29,,,,,,,no action,victim withdraws support,,,n
607,met police,Metropolitan Police,7813.5,october,,20 to 29,,,,,,,no action,victim withdraws support,,,n
608,met police,Metropolitan Police,7813.5,october,,20 to 29,,,,,,,no action,victim withdraws support,,,n
609,met police,Metropolitan Police,7813.5,october,,20 to 29,,,,,,,no action,victim withdraws support,,,n
610,met police,Metropolitan Police,7813.5,october,,20 to 29,,,,,,,no action,victim withdraws support,,,n
611,met police,Metropolitan Police,7813.5,november,,20 to 29,,,,,,,no action,victim withdraws support,,,n
612,met police,Metropolitan Police,7813.5,november,,20 to 29,,,,,,,no action,victim withdraws support,,,n
613,met police,Metropolitan Police,7813.5,november,,20 to 29,,,,,,,no action,victim withdraws support,,,n
614,met police,Metropolitan Police,7813.5,november,,20 to 29,,,,,,,no action,victim withdraws support,,,n
615,met police,Metropolitan Police,7813.5,november,,20 to 29,,,,,,,no action,victim withdraws support,,,n
616,met police,Metropolitan Police,7813.5,november,,20 to 29,,,,,,,no action,victim withdraws support,,,n
617,met police,Metropolitan Police,7813.5,november,,20 to 29,,,,,,,no action,victim withdraws support,,,n
618,met police,Metropolitan Police,7813.5,november,,20 to 29,,,,,,,no action,victim withdraws support,,,n
619,met police,Metropolitan Police,7813.5,november,,20 to 29,,,,,,,no action,victim withdraws support,,,n
620,met police,Metropolitan Police,7813.5,november,,20 to 29,,,,,,,no action,victim withdraws support,,,n
621,met police,Metropolitan Police,7813.5,november,,20 to 29,,,,,,,no action,victim withdraws support,,,n
622,met police,Metropolitan Police,7813.5,november,,20 to 29,,,,,,,no action,victim withdraws support,,,n
623,met police,Metropolitan Police,7813.5,november,,20 to 29,,,,,,,no action,victim withdraws support,,,n
624,met police,Metropolitan Police,7813.5,november,,20 to 29,,,,,,,no action,victim withdraws support,,,n
625,met police,Metropolitan Police,7813.5,november,,30 to 39,,,,,,,no action,victim withdraws support,,,n
626,met police,Metropolitan Police,7813.5,november,,30 to 39,,,,,,,no action,victim withdraws support,,,n
627,met police,Metropolitan Police,7813.5,november,,30 to 39,,,,,,,no action,victim withdraws support,,,n
628,met police,Metropolitan Police,7813.5,november,,30 to 39,,,,,,,no action,victim withdraws support,,,n
629,met police,Metropolitan Police,7813.5,november,,30 to 39,,,,,,,no action,victim withdraws support,,,n
630,met police,Metropolitan Police,7813.5,november,,30 to 39,,,,,,,no action,victim withdraws support,,,n
631,met police,Metropolitan Police,7813.5,november,,30 to 39,,,,,,,no action,victim withdraws support,,,n
632,met police,Metropolitan Police,7813.5,november,,30 to 39,,,,,,,no action,victim withdraws support,,,n
633,met police,Metropolitan Police,7813.5,november,,30 to 39,,,,,,,no action,victim withdraws support,,,n
634,met police,Metropolitan Police,7813.5,november,,30 to 39,,,,,,,no action,victim withdraws support,,,n
635,met police,Metropolitan Police,7813.5,november,,30 to 39,,,,,,,no action,victim withdraws support,,,n
636,met police,Metropolitan Police,7813.5,november,,30 to 39,,,,,,,no action,victim withdraws support,,,n
637,met police,Metropolitan Police,7813.5,november,,30 to 39,,,,,,,no action,victim withdraws support,,,n
638,met police,Metropolitan Police,7813.5,november,,30 to 39,,,,,,,no action,victim withdraws support,,,n
639,met police,Metropolitan Police,7813.5,november,,30 to 39,,,,,,,no action,victim withdraws support,,,n
640,met police,Metropolitan Police,7813.5,november,,30 to 39,,,,,,,no action,victim withdraws support,,,n
641,met police,Metropolitan Police,7813.5,november,,30 to 39,,,,,,,no action,victim withdraws support,,,n
642,met police,Metropolitan Police,7813.5,november,,30 to 39,,,,,,,no action,victim withdraws support,,,n
643,met police,Metropolitan Police,7813.5,november,,30 to 39,,,,,,,no action,victim withdraws support,,,n
644,met police,Metropolitan Police,7813.5,november,,30 to 39,,,,,,,no action,victim withdraws support,,,n
645,met police,Metropolitan Police,7813.5,november,,30 to 39,,,,,,,no action,victim withdraws support,,,n
646,met police,Metropolitan Police,7813.5,november,,30 to 39,,,,,,,no action,victim withdraws support,,,n
647,met police,Metropolitan Police,7813.5,november,,30 to 39,,,,,,,no action,victim withdraws support,,,n
648,met police,Metropolitan Police,7813.5,november,,30 to 39,,,,,,,no action,victim withdraws support,,,n
649,met police,Metropolitan Police,7813.5,november,,30 to 39,,,,,,,no action,victim withdraws support,,,n
650,met police,Metropolitan Police,7813.5,november,,30 to 39,,,,,,,no action,victim withdraws support,,,n
651,met police,Metropolitan Police,7813.5,november,,30 to 39,,,,,,,no action,victim withdraws support,,,n
652,met police,Metropolitan Police,7813.5,november,,30 to 39,,,,,,,no action,victim withdraws support,,,n
653,met police,Metropolitan Police,7813.5,november,,30 to 39,,,,,,,no action,victim withdraws support,,,n
654,met police,Metropolitan Police,7813.5,november,,30 to 39,,,,,,,no action,victim withdraws support,,,n
655,met police,Metropolitan Police,7813.5,november,,30 to 39,,,,,,,no action,evidential difficulties,,,n
656,met police,Metropolitan Police,7813.5,november,,30 to 39,,,,,,,no action,evidential difficulties,,,n
657,met police,Metropolitan Police,7813.5,november,,30 to 39,,,,,,,no action,evidential difficulties,,,n
658,met police,Metropolitan Police,7813.5,november,,30 to 39,,,,,,,no action,evidential difficulties,,,n
659,met police,Metropolitan Police,7813.5,december,,30 to 39,,,,,,,no action,evidential difficulties,,,n
660,met police,Metropolitan Police,7813.5,december,,30 to 39,,,,,,,no action,evidential difficulties,,,n
661,met police,Metropolitan Police,7813.5,december,,30 to 39,,,,,,,no action,evidential difficulties,,,n
662,met police,Metropolitan Police,7813.5,december,,30 to 39,,,,,,,no action,evidential difficulties,,,n
663,met police,Metropolitan Police,7813.5,december,,30 to 39,,,,,,,no action,evidential difficulties,,,n
664,met police,Metropolitan Police,7813.5,december,,30 to 39,,,,,,,no action,evidential difficulties,,,n
665,met police,Metropolitan Police,7813.5,december,,30 to 39,,,,,,,no action,evidential difficulties,,,n
666,met police,Metropolitan Police,7813.5,december,,30 to 39,,,,,,,no action,evidential difficulties,,,n
667,met police,Metropolitan Police,7813.5,december,,30 to 39,,,,,,,no action,evidential difficulties,,,n
668,met police,Metropolitan Police,7813.5,december,,30 to 39,,,,,,,no action,evidential difficulties,,,n
669,met police,Metropolitan Police,7813.5,december,,30 to 39,,,,,,,no action,evidential difficulties,,,n
670,met police,Metropolitan Police,7813.5,december,,30 to 39,,,,,,,no action,evidential difficulties,,,n
671,met police,Metropolitan Police,7813.5,december,,30 to 39,,,,,,,no action,evidential difficulties,,,n
672,met police,Metropolitan Police,7813.5,december,,30 to 39,,,,,,,no action,evidential difficulties,,,n
673,met police,Metropolitan Police,7813.5,december,,30 to 39,,,,,,,no action,evidential difficulties,,,n
674,met police,Metropolitan Police,7813.5,december,,30 to 39,,,,,,,no action,evidential difficulties,,,n
675,met police,Metropolitan Police,7813.5,december,,30 to 39,,,,,,,no action,evidential difficulties,,,n
676,met police,Metropolitan Police,7813.5,december,,30 to 39,,,,,,,no action,evidential difficulties,,,n
677,met police,Metropolitan Police,7813.5,december,,30 to 39,,,,,,,no action,evidential difficulties,,,n
678,met police,Metropolitan Police,7813.5,december,,40 to 49,,,,,,,no action,evidential difficulties,,,n
679,met police,Metropolitan Police,7813.5,december,,40 to 49,,,,,,,no action,evidential difficulties,,,n
680,met police,Metropolitan Police,7813.5,december,,40 to 49,,,,,,,no action,evidential difficulties,,,n
681,met police,Metropolitan Police,7813.5,december,,40 to 49,,,,,,,no action,evidential difficulties,,,n
682,met police,Metropolitan Police,7813.5,december,,40 to 49,,,,,,,no action,evidential difficulties,,,n
683,met police,Metropolitan Police,7813.5,december,,40 to 49,,,,,,,no action,evidential difficulties,,,n
684,met police,Metropolitan Police,7813.5,december,,40 to 49,,,,,,,no action,evidential difficulties,,,n
685,met police,Metropolitan Police,7813.5,december,,40 to 49,,,,,,,no action,evidential difficulties,,,n
686,met police,Metropolitan Police,7813.5,december,,40 to 49,,,,,,,no action,evidential difficulties,,,n
687,met police,Metropolitan Police,7813.5,december,,40 to 49,,,,,,,no action,evidential difficulties,,,n
688,met police,Metropolitan Police,7813.5,december,,40 to 49,,,,,,,no action,evidential difficulties,,,n
689,met police,Metropolitan Police,7813.5,december,,40 to 49,,,,,,,no action,evidential difficulties,,,n
690,met police,Metropolitan Police,7813.5,december,,40 to 49,,,,,,,no action,evidential difficulties,,,n
691,met police,Metropolitan Police,7813.5,december,,50 to 59,,,,,,,no action,evidential difficulties,,,n
692,met police,Metropolitan Police,7813.5,december,,50 to 59,,,,,,,no action,evidential difficulties,,,n
693,norfolk police,Norfolk,862.3,may,,20 to 29,facebook,,,,,,no action,victim withdraws support,,,y
694,norfolk police,Norfolk,862.3,may,,under 20,,,,,,,no action,no suspect,,,y
695,norfolk police,Norfolk,862.3,may,,20 to 29,facebook,,,,,,no action,victim withdraws support,,,y
696,norfolk police,Norfolk,862.3,may,,under 20,facebook,,,,,,caution,,,,y
697,norfolk police,Norfolk,862.3,july,,30 to 39,youtube,,,,,,no action,no suspect,,,y
698,norfolk police,Norfolk,862.3,july,,30 to 39,facebook,,,,,,charge,,,y,y
699,norfolk police,Norfolk,862.3,july,,30 to 39,line,,,,,,no action,evidential difficulties,,,y
700,norfolk police,Norfolk,862.3,july,,30 to 39,cloud,,,,,,no action,evidential difficulties,,,y
701,norfolk police,Norfolk,862.3,august,,30 to 39,plenty of fish,,,,,,charge,,,,y
702,norfolk police,Norfolk,862.3,august,,20 to 29,,,,,,,caution,,,,y
703,norfolk police,Norfolk,862.3,september,,30 to 39,facebook,,,,,,no action,,,,y
704,norfolk police,Norfolk,862.3,september,,under 20,facebook,,,,,,no action,,,,y
705,norfolk police,Norfolk,862.3,september,,under 20,facebook,,,,,,no action,,,,y
706,norfolk police,Norfolk,862.3,september,,30 to 39,facebook,,,,,,no action,,,,y
707,norfolk police,Norfolk,862.3,september,,20 to 29,facebook,snapfish,,,,,no action,,,,y
708,norfolk police,Norfolk,862.3,september,,20 to 29,whisper,,,,,,no action,,,,y
709,norfolk police,Norfolk,862.3,october,,20 to 29,,,,,,,no action,,,y,y
710,norfolk police,Norfolk,862.3,october,,20 to 29,facebook,,,,,,no action,victim withdraws support,,,y
711,norfolk police,Norfolk,862.3,october,,under 20,twitter,,,,,,no action,,,,y
712,norfolk police,Norfolk,862.3,october,,under 20,twitter,,,,,,no action,victim withdraws support,,,y
713,norfolk police,Norfolk,862.3,november,,20 to 29,,,,,,,caution,,,,y
714,norfolk police,Norfolk,862.3,december,,20 to 29,,,,,,,no action,victim withdraws support,,,y
715,norfolk police,Norfolk,862.3,november,,20 to 29,,,,,,,no action,,,,y
716,norfolk police,Norfolk,862.3,november,,30 to 39,facebook,,,,,,no action,victim withdraws support,,,y
717,norfolk police,Norfolk,862.3,november,,30 to 39,,,,,,,no action,,,,y
718,norfolk police,Norfolk,862.3,november,,under 20,facebook,,,,,,no action,,,,y
719,norfolk police,Norfolk,862.3,december,,30 to 39,,,,,,,no action,,,y,y
734,north wales police,North Wales,678.5,december,14,,,,,,,,no action,victim withdraws support,,,y
720,north wales police,North Wales,678.5,may,18,,,,,,,,no action,victim withdraws support,,,y
721,north wales police,North Wales,678.5,june,18,,,,,,,,caution,,,,y
722,north wales police,North Wales,678.5,july,23,,,,,,,,community resolution,,,,y
724,north wales police,North Wales,678.5,july,23,,,,,,,,caution,,,,y
729,north wales police,North Wales,678.5,october,23,,,,,,,,ongoing,,,,y
730,north wales police,North Wales,678.5,november,23,,,,,,,,no action,victim withdraws support,,,y
732,north wales police,North Wales,678.5,november,25,,,,,,,,ongoing,,,,y
733,north wales police,North Wales,678.5,november,26,,,,,,,,community resolution,,,,y
726,north wales police,North Wales,678.5,september,27,,,,,,,,ongoing,,,,y
723,north wales police,North Wales,678.5,july,28,,,,,,,,charge,,,,y
728,north wales police,North Wales,678.5,october,31,,,,,,,,ongoing,,,,y
731,north wales police,North Wales,678.5,november,34,,,,,,,,ongoing,,,,y
727,north wales police,North Wales,678.5,october,36,,,,,,,,no action,victim withdraws support,,,y
725,north wales police,North Wales,678.5,august,45,,,,,,,,no action,,,,y
735,north yorkshire,North Yorkshire,802.2,,,,,,,,,,charge,,,,
736,north yorkshire,North Yorkshire,802.2,,,,,,,,,,charge,,,,
737,north yorkshire,North Yorkshire,802.2,,,,,,,,,,charge,,,,
738,north yorkshire,North Yorkshire,802.2,,,,,,,,,,no action,,,,
739,north yorkshire,North Yorkshire,802.2,,,,,,,,,,no action,,,,
740,north yorkshire,North Yorkshire,802.2,,,,,,,,,,no action,,,,
741,north yorkshire,North Yorkshire,802.2,,,,,,,,,,no action,,,,
742,north yorkshire,North Yorkshire,802.2,,,,,,,,,,no action,,,,
743,north yorkshire,North Yorkshire,802.2,,,,,,,,,,no action,,,,
744,north yorkshire,North Yorkshire,802.2,,,,,,,,,,no action,,,,
745,north yorkshire,North Yorkshire,802.2,,,,,,,,,,no action,,,,
746,north yorkshire,North Yorkshire,802.2,,,,,,,,,,no action,,,,
747,north yorkshire,North Yorkshire,802.2,,,,,,,,,,other force,,,,
748,north yorkshire,North Yorkshire,802.2,,,,,,,,,,,,,,
814,northamptonshire police,Northamptonshire,687.3,november,12,,Instagram,,,,,,,,,,y
751,northamptonshire police,Northamptonshire,687.3,april,13,,,,,,,,community resolution,,,,y
818,northamptonshire police,Northamptonshire,687.3,november,13,,,,,,,,,,,,y
819,northamptonshire police,Northamptonshire,687.3,november,13,,Snapchat,Facebook,,,,,,,,,y
749,northamptonshire police,Northamptonshire,687.3,april,14,,,,,,,,,,,,y
750,northamptonshire police,Northamptonshire,687.3,april,14,,,,,,,,,,,,y
752,northamptonshire police,Northamptonshire,687.3,april,14,,Facebook,,,,,,,,,,y
760,northamptonshire police,Northamptonshire,687.3,may,14,,Twitter,,,,,,,,,,y
766,northamptonshire police,Northamptonshire,687.3,june,14,,,,,,,,,,,,y
827,northamptonshire police,Northamptonshire,687.3,december,14,,Instagram,,,,,,,,,,y
759,northamptonshire police,Northamptonshire,687.3,may,15,,Snapchat,,,,,,,,,,y
771,northamptonshire police,Northamptonshire,687.3,june,15,,,,,,,,,,,,y
791,northamptonshire police,Northamptonshire,687.3,august,15,,Facebook,,,,,,,,,,y
792,northamptonshire police,Northamptonshire,687.3,august,15,,Facebook,,,,,,,,,,y
794,northamptonshire police,Northamptonshire,687.3,september,15,,,,,,,,,,,,y
812,northamptonshire police,Northamptonshire,687.3,november,15,,Facebook,,,,,,,,,,y
817,northamptonshire police,Northamptonshire,687.3,november,15,,Instagram,,,,,,,,,,y
828,northamptonshire police,Northamptonshire,687.3,december,15,,Facebook,,,,,,,,,,y
801,northamptonshire police,Northamptonshire,687.3,october,17,,Instagram,,,,,,no action,,,,y
805,northamptonshire police,Northamptonshire,687.3,october,17,,Facebook,,,,,,community resolution,,,,y
753,northamptonshire police,Northamptonshire,687.3,april,19,,,,,,,,charged,,,,y
777,northamptonshire police,Northamptonshire,687.3,july,20,,,,,,,,,,,,y
797,northamptonshire police,Northamptonshire,687.3,september,21,,,,,,,,,,,,y
813,northamptonshire police,Northamptonshire,687.3,november,21,,Facebook,,,,,,,,,,y
832,northamptonshire police,Northamptonshire,687.3,december,21,,Facebook,,,,,,,,,,y
802,northamptonshire police,Northamptonshire,687.3,october,22,,Facebook,,,,,,no action,,,,y
767,northamptonshire police,Northamptonshire,687.3,june,24,,,,,,,,,,,,y
762,northamptonshire police,Northamptonshire,687.3,may,25,,Facebook,,,,,,,,,,y
781,northamptonshire police,Northamptonshire,687.3,july,25,,Facebook,,,,,,,,,,y
800,northamptonshire police,Northamptonshire,687.3,october,25,,,,,,,,,,,,y
809,northamptonshire police,Northamptonshire,687.3,november,25,,Facebook,,,,,,,,,,y
806,northamptonshire police,Northamptonshire,687.3,october,26,,,,,,,,,,,,y
754,northamptonshire police,Northamptonshire,687.3,april,27,,,,,,,,,,,,y
755,northamptonshire police,Northamptonshire,687.3,may,28,,Facebook,,,,,,charged,,,,y
783,northamptonshire police,Northamptonshire,687.3,july,28,,,,,,,,,,,,y
784,northamptonshire police,Northamptonshire,687.3,july,28,,,,,,,,caution,,,,y
765,northamptonshire police,Northamptonshire,687.3,june,29,,Facebook,,,,,,,,,,y
785,northamptonshire police,Northamptonshire,687.3,august,31,,Facebook,,,,,,,,,,y
793,northamptonshire police,Northamptonshire,687.3,september,31,,whatsapp,Facebook,,,,,community resolution,,,,y
780,northamptonshire police,Northamptonshire,687.3,july,32,,Facebook,,,,,,charge,,,,y
808,northamptonshire police,Northamptonshire,687.3,november,32,,,,,,,,,,,,y
807,northamptonshire police,Northamptonshire,687.3,november,33,,Facebook,,,,,,charge,,,,y
758,northamptonshire police,Northamptonshire,687.3,may,36,,,,,,,,community resolution,,,,y
831,northamptonshire police,Northamptonshire,687.3,december,38,,Facebook,,,,,,,,,,y
811,northamptonshire police,Northamptonshire,687.3,november,39,,Twitter,,,,,,,,,,y
775,northamptonshire police,Northamptonshire,687.3,july,40,,Facebook,,,,,,caution,,,,y
834,northamptonshire police,Northamptonshire,687.3,december,42,,,,,,,,,,,,y
782,northamptonshire police,Northamptonshire,687.3,july,44,,,,,,,,,,,,y
769,northamptonshire police,Northamptonshire,687.3,june,47,,,,,,,,,,,,y
756,northamptonshire police,Northamptonshire,687.3,may,,,Facebook,,,,,,,,,,y
757,northamptonshire police,Northamptonshire,687.3,may,,,whatsapp,,,,,,caution,,,,y
761,northamptonshire police,Northamptonshire,687.3,may,,,Facebook,,,,,,,,,,y
763,northamptonshire police,Northamptonshire,687.3,may,,,,,,,,,,,,,y
764,northamptonshire police,Northamptonshire,687.3,june,,,,,,,,,,,,,y
768,northamptonshire police,Northamptonshire,687.3,june,,,,,,,,,,,,,y
770,northamptonshire police,Northamptonshire,687.3,june,,,,,,,,,,,,,y
772,northamptonshire police,Northamptonshire,687.3,july,,,Facebook,,,,,,community resolution,,,,y
773,northamptonshire police,Northamptonshire,687.3,july,,,Facebook,,,,,,community resolution,,,,y
774,northamptonshire police,Northamptonshire,687.3,july,,,Facebook,,,,,,community resolution,,,,y
776,northamptonshire police,Northamptonshire,687.3,july,,,,,,,,,,,,,y
778,northamptonshire police,Northamptonshire,687.3,july,,,,,,,,,,,,,y
779,northamptonshire police,Northamptonshire,687.3,july,,,,,,,,,,,,,y
786,northamptonshire police,Northamptonshire,687.3,august,,,,,,,,,,,,,y
787,northamptonshire police,Northamptonshire,687.3,august,,,,,,,,,,,,,y
788,northamptonshire police,Northamptonshire,687.3,august,,,,,,,,,,,,,y
789,northamptonshire police,Northamptonshire,687.3,august,,,,,,,,,,,,,y
790,northamptonshire police,Northamptonshire,687.3,august,,,Facebook,,,,,,,,,,y
795,northamptonshire police,Northamptonshire,687.3,september,,,Facebook,,,,,,,,,,y
796,northamptonshire police,Northamptonshire,687.3,september,,,Twitter,,,,,,,,,,y
798,northamptonshire police,Northamptonshire,687.3,october,,,,,,,,,,,,,y
799,northamptonshire police,Northamptonshire,687.3,october,,,,,,,,,,,,,y
803,northamptonshire police,Northamptonshire,687.3,october,,,,,,,,,no action,,,,y
804,northamptonshire police,Northamptonshire,687.3,october,,,,,,,,,no action,,,,y
810,northamptonshire police,Northamptonshire,687.3,november,,,Instagram,,,,,,,,,,y
815,northamptonshire police,Northamptonshire,687.3,october,,,Instagram,,,,,,,,,,y
816,northamptonshire police,Northamptonshire,687.3,november,,,Instagram,,,,,,,,,,y
820,northamptonshire police,Northamptonshire,687.3,november,,,Instagram,,,,,,,,,,y
821,northamptonshire police,Northamptonshire,687.3,november,,,Instagram,,,,,,,,,,y
822,northamptonshire police,Northamptonshire,687.3,november,,,Instagram,,,,,,,,,,y
823,northamptonshire police,Northamptonshire,687.3,november,,,Instagram,,,,,,,,,,y
824,northamptonshire police,Northamptonshire,687.3,december,,,Instagram,,,,,,,,,,y
825,northamptonshire police,Northamptonshire,687.3,december,,,Instagram,,,,,,,,,,y
826,northamptonshire police,Northamptonshire,687.3,december,,,Instagram,,,,,,,,,,y
829,northamptonshire police,Northamptonshire,687.3,december,,,Instagram,,,,,,,,,,y
830,northamptonshire police,Northamptonshire,687.3,december,,,Snapchat,,,,,,,,,,y
833,northamptonshire police,Northamptonshire,687.3,december,,,,,,,,,,,,,y
836,northumbria police,Northumbria,1431.5,june,17,,,,,,,,charge,,,,n
837,northumbria police,Northumbria,1431.5,july,17,,,,,,,,no action,,,,n
838,northumbria police,Northumbria,1431.5,july,20,,,,,,,,no action,,,,n
839,northumbria police,Northumbria,1431.5,august,22,,,,,,,,no action,,,,n
840,northumbria police,Northumbria,1431.5,september,28,,,,,,,,no action,,,,n
841,northumbria police,Northumbria,1431.5,november,28,,,,,,,,no action,,,,n
842,northumbria police,Northumbria,1431.5,november,28,,,,,,,,no action,,,,n
843,northumbria police,Northumbria,1431.5,november,32,,,,,,,,no action,,,,n
844,northumbria police,Northumbria,1431.5,november,33,,,,,,,,no action,,,,n
845,northumbria police,Northumbria,1431.5,november,33,,,,,,,,no action,,,,n
846,northumbria police,Northumbria,1431.5,december,42,,,,,,,,no action,,,,n
835,northumbria police,Northumbria,1431.5,june,,under 16,,,,,,,caution,,,,n
847,nottinghamshire police,Nottinghamshire,1086.6,april,11,,facebook,,,,,,,,,y,n
848,nottinghamshire police,Nottinghamshire,1086.6,may,15,,facebook,,,,,,,,,y,n
849,nottinghamshire police,Nottinghamshire,1086.6,may,16,,facebook,,,,,,,,,,n
850,nottinghamshire police,Nottinghamshire,1086.6,may,17,,facebook,,,,,,,,,,n
851,nottinghamshire police,Nottinghamshire,1086.6,may,18,,skype,,,,,,,,,,n
852,nottinghamshire police,Nottinghamshire,1086.6,may,18,,facebook,,,,,,,,,,n
853,nottinghamshire police,Nottinghamshire,1086.6,may,18,,facebook,,,,,,,,,y,n
854,nottinghamshire police,Nottinghamshire,1086.6,june,19,,,,,,,,,,,y,n
855,nottinghamshire police,Nottinghamshire,1086.6,july,19,,,,,,,,,,,y,n
856,nottinghamshire police,Nottinghamshire,1086.6,july,19,,facebook,,,,,,,,,y,n
857,nottinghamshire police,Nottinghamshire,1086.6,july,19,,facebook,,,,,,,,,y,n
858,nottinghamshire police,Nottinghamshire,1086.6,july,19,,facebook,,,,,,,,,,n
859,nottinghamshire police,Nottinghamshire,1086.6,july,21,,instagram,,,,,,,,,,n
860,nottinghamshire police,Nottinghamshire,1086.6,august,22,,snapchat,,,,,,,,,,n
861,nottinghamshire police,Nottinghamshire,1086.6,august,23,,facebook,,,,,,,,,y,n
862,nottinghamshire police,Nottinghamshire,1086.6,september,23,,,,,,,,,,,,n
863,nottinghamshire police,Nottinghamshire,1086.6,october,23,,,,,,,,,,,,n
864,nottinghamshire police,Nottinghamshire,1086.6,october,24,,,,,,,,,,,,n
865,nottinghamshire police,Nottinghamshire,1086.6,october,25,,,,,,,,,,,,n
866,nottinghamshire police,Nottinghamshire,1086.6,october,29,,,,,,,,,,,,n
867,nottinghamshire police,Nottinghamshire,1086.6,october,30,,,,,,,,,,,,n
868,nottinghamshire police,Nottinghamshire,1086.6,october,32,,,,,,,,,,,,n
869,nottinghamshire police,Nottinghamshire,1086.6,november,32,,,,,,,,,,,,n
870,nottinghamshire police,Nottinghamshire,1086.6,december,42,,,,,,,,,,,,n
871,nottinghamshire police,Nottinghamshire,1086.6,december,43,,,,,,,,,,,,n
872,nottinghamshire police,Nottinghamshire,1086.6,december,50,,,,,,,,,,,,n
1109,south wales police,South Wales,1260.5,,,,oovoo,,,,,,no action,no suspect,,,
1110,south wales police,South Wales,1260.5,,,,facebook,,,,,,community resolution,,,,
1111,south wales police,South Wales,1260.5,,,,,,,,,,no action,no suspect,,,
1112,south wales police,South Wales,1260.5,,,,facebook,,,,,,summons,,,,
1113,south wales police,South Wales,1260.5,,,,facebook,,,,,,charge,,,,
1114,south wales police,South Wales,1260.5,,,,facebook,,,,,,no action,evidential difficulties,,,
1115,south wales police,South Wales,1260.5,,,,,,,,,,community resolution,youth restorative justice,,,
881,staffordshire police,Staffordshire,1071.4,june,15,,facebook,,,,,,community resolution,,,,y
880,staffordshire police,Staffordshire,1071.4,april,17,,facebook,,,,,,no action,evidential difficulties,,,y
895,staffordshire police,Staffordshire,1071.4,september,17,,facebook,,,,,,no action,evidential difficulties,,,y
902,staffordshire police,Staffordshire,1071.4,november,17,,,,,,,,no action,victim withdraws support,,,y
883,staffordshire police,Staffordshire,1071.4,june,18,,,,,,,,no action,victim withdraws support,,,y
906,staffordshire police,Staffordshire,1071.4,november,19,,facebook,,,,,,ongoing,,,,y
882,staffordshire police,Staffordshire,1071.4,june,20,,facebook,whatsapp,,,,,charge,,,,y
893,staffordshire police,Staffordshire,1071.4,august,20,,facebook,,,,,,harassment order,,,,y
894,staffordshire police,Staffordshire,1071.4,september,20,,facebook,instagram,,,,,no action,evidential difficulties,,,y
896,staffordshire police,Staffordshire,1071.4,october,24,,,,,,,,no action,victim withdraws support,,,y
903,staffordshire police,Staffordshire,1071.4,november,24,,facebook,,,,,,no action,victim withdraws support,,,y
889,staffordshire police,Staffordshire,1071.4,august,26,,,,,,,,no action,victim withdraws support,,,y
904,staffordshire police,Staffordshire,1071.4,november,26,,,,,,,,no action,victim withdraws support,,,y
885,staffordshire police,Staffordshire,1071.4,july,27,,,,,,,,no action,victim withdraws support,,,y
884,staffordshire police,Staffordshire,1071.4,june,28,,facebook,,,,,,no action,victim withdraws support,,,y
898,staffordshire police,Staffordshire,1071.4,october,29,,,,,,,,no action,victim withdraws support,,,y
901,staffordshire police,Staffordshire,1071.4,november,29,,facebook,,,,,,no action,victim withdraws support,,,y
891,staffordshire police,Staffordshire,1071.4,august,33,,facebook,,,,,,no action,victim withdraws support,,,y
890,staffordshire police,Staffordshire,1071.4,august,35,,,,,,,,no action,victim withdraws support,,,y
897,staffordshire police,Staffordshire,1071.4,october,35,,,,,,,,no action,victim withdraws support,,,y
909,staffordshire police,Staffordshire,1071.4,december,36,,facebook,,,,,,ongoing,,,,y
905,staffordshire police,Staffordshire,1071.4,november,40,,,,,,,,harassment order,,,,y
892,staffordshire police,Staffordshire,1071.4,august,42,,,,,,,,no action,victim withdraws support,,,y
887,staffordshire police,Staffordshire,1071.4,july,44,,,,,,,,no action,victim withdraws support,,,y
899,staffordshire police,Staffordshire,1071.4,october,47,,instagram,,,,,,no action,victim withdraws support,,,y
886,staffordshire police,Staffordshire,1071.4,july,48,,,,,,,,no action,,,,y
900,staffordshire police,Staffordshire,1071.4,october,62,,,,,,,,no action,victim withdraws support,,,y
888,staffordshire police,Staffordshire,1071.4,july,,,,,,,,,no action,victim withdraws support,,,y
907,staffordshire police,Staffordshire,1071.4,december,,,,,,,,,ongoing,,,,y
908,staffordshire police,Staffordshire,1071.4,december,,,,,,,,,no action,evidential difficulties,,,y
910,staffordshire police,Staffordshire,1071.4,december,,,,,,,,,ongoing,,,,y
911,staffordshire police,Staffordshire,1071.4,december,,,,,,,,,ongoing,,,,y
912,staffordshire police,Staffordshire,1071.4,december,,,,,,,,,ongoing,,,,y
1104,suffolk police,Suffolk,719.5,november,19,,,,,,,,no action,,,,n
1107,suffolk police,Suffolk,719.5,september,20,,,,,,,,no action,,,,n
1103,suffolk police,Suffolk,719.5,november,22,,,,,,,,charge,,,,n
1105,suffolk police,Suffolk,719.5,november,23,,,,,,,,no action,,,,n
1100,suffolk police,Suffolk,719.5,may,24,,,,,,,,charge,,,,n
1106,suffolk police,Suffolk,719.5,november,24,,,,,,,,no action,,,,n
1101,suffolk police,Suffolk,719.5,september,38,,,,,,,,caution,,,,n
1102,suffolk police,Suffolk,719.5,october,39,,,,,,,,no action,,,,n
1108,suffolk police,Suffolk,719.5,december,53,,,,,,,,no action,,,,n
922,surrey police,Surrey,1127.3,september,16,,,,,,,,charge,,,,n
930,surrey police,Surrey,1127.3,december,16,,,,,,,,no action,victim withdraws support,,,n
916,surrey police,Surrey,1127.3,june,17,,,,,,,,no action,,,,n
925,surrey police,Surrey,1127.3,october,17,,,,,,,,no action,,,,n
915,surrey police,Surrey,1127.3,june,18,,,,,,,,caution,,,,n
917,surrey police,Surrey,1127.3,july,18,,,,,,,,charge,,,,n
924,surrey police,Surrey,1127.3,september,18,,,,,,,,no action,victim withdraws support,,,n
914,surrey police,Surrey,1127.3,june,19,,,,,,,,no action,,,,n
920,surrey police,Surrey,1127.3,august,19,,,,,,,,no action,victim withdraws support,,,n
926,surrey police,Surrey,1127.3,october,20,,,,,,,,other agency,,,,n
932,surrey police,Surrey,1127.3,december,20,,,,,,,,no action,,,,n
919,surrey police,Surrey,1127.3,august,21,,,,,,,,charge,,,,n
923,surrey police,Surrey,1127.3,september,21,,,,,,,,caution,,,,n
913,surrey police,Surrey,1127.3,may,23,,,,,,,,no action,,,,n
921,surrey police,Surrey,1127.3,august,23,,,,,,,,no action,evidential difficulties,,,n
928,surrey police,Surrey,1127.3,november,25,,,,,,,,no action,victim withdraws support,,,n
931,surrey police,Surrey,1127.3,december,26,,,,,,,,no action,,,,n
934,surrey police,Surrey,1127.3,july,30,,,,,,,,caution,,,,n
918,surrey police,Surrey,1127.3,july,31,,,,,,,,no action,,,,n
933,surrey police,Surrey,1127.3,december,42,,,,,,,,no action,,,,n
927,surrey police,Surrey,1127.3,october,49,,,,,,,,charge,,,,n
929,surrey police,Surrey,1127.3,november,56,,,,,,,,no action,victim withdraws support,,,n
935,sussex police,Sussex,1574,,15,,,,,,,,charge,,,,n
936,sussex police,Sussex,1574,,16,,,,,,,,charge,,,,n
937,sussex police,Sussex,1574,,16,,,,,,,,charge,,,,n
938,sussex police,Sussex,1574,,17,,,,,,,,caution,,,,n
939,sussex police,Sussex,1574,,17,,,,,,,,no action,,,,n
940,sussex police,Sussex,1574,,17,,,,,,,,no action,,,,n
941,sussex police,Sussex,1574,,18,,,,,,,,no action,,,,n
942,sussex police,Sussex,1574,,18,,,,,,,,no action,,,,n
943,sussex police,Sussex,1574,,19,,,,,,,,no action,,,,n
944,sussex police,Sussex,1574,,19,,,,,,,,no action,,,,n
945,sussex police,Sussex,1574,,19,,,,,,,,no action,,,,n
946,sussex police,Sussex,1574,,19,,,,,,,,no action,,,,n
947,sussex police,Sussex,1574,,19,,,,,,,,no action,,,,n
948,sussex police,Sussex,1574,,19,,,,,,,,no action,,,,n
949,sussex police,Sussex,1574,,20,,,,,,,,no action,,,,n
950,sussex police,Sussex,1574,,20,,,,,,,,no action,,,,n
951,sussex police,Sussex,1574,,20,,,,,,,,no action,,,,n
952,sussex police,Sussex,1574,,20,,,,,,,,no action,,,,n
953,sussex police,Sussex,1574,,20,,,,,,,,no action,,,,n
954,sussex police,Sussex,1574,,21,,,,,,,,no action,,,,n
955,sussex police,Sussex,1574,,22,,,,,,,,no action,victim withdraws support,,,n
956,sussex police,Sussex,1574,,22,,,,,,,,no action,victim withdraws support,,,n
957,sussex police,Sussex,1574,,23,,,,,,,,no action,victim withdraws support,,,n
958,sussex police,Sussex,1574,,23,,,,,,,,no action,victim withdraws support,,,n
959,sussex police,Sussex,1574,,24,,,,,,,,no action,victim withdraws support,,,n
960,sussex police,Sussex,1574,,24,,,,,,,,no action,victim withdraws support,,,n
961,sussex police,Sussex,1574,,27,,,,,,,,no action,victim withdraws support,,,n
962,sussex police,Sussex,1574,,27,,,,,,,,no action,victim withdraws support,,,n
963,sussex police,Sussex,1574,,27,,,,,,,,no action,victim withdraws support,,,n
964,sussex police,Sussex,1574,,27,,,,,,,,no action,victim withdraws support,,,n
965,sussex police,Sussex,1574,,28,,,,,,,,no action,victim withdraws support,,,n
966,sussex police,Sussex,1574,,30,,,,,,,,no action,victim withdraws support,,,n
967,sussex police,Sussex,1574,,31,,,,,,,,no action,victim withdraws support,,,n
968,sussex police,Sussex,1574,,31,,,,,,,,no action,victim withdraws support,,,n
969,sussex police,Sussex,1574,,34,,,,,,,,no action,victim withdraws support,,,n
970,sussex police,Sussex,1574,,35,,,,,,,,no action,victim withdraws support,,,n
971,sussex police,Sussex,1574,,37,,,,,,,,no action,victim withdraws support,,,n
972,sussex police,Sussex,1574,,39,,,,,,,,no action,,,,n
973,sussex police,Sussex,1574,,43,,,,,,,,no action,,,,n
974,sussex police,Sussex,1574,,43,,,,,,,,ongoing,,,,n
975,sussex police,Sussex,1574,,52,,,,,,,,ongoing,,,,n
976,sussex police,Sussex,1574,,56,,,,,,,,ongoing,,,,n
977,sussex police,Sussex,1574,,,,,,,,,,ongoing,,,,n
978,sussex police,Sussex,1574,,,,,,,,,,ongoing,,,,n
979,thames valley police,Thames Valley,2253.5,april,16,,facebook,,,,,,caution,,,,n
980,thames valley police,Thames Valley,2253.5,april,17,,facebook,,,,,,caution,,,,n
981,thames valley police,Thames Valley,2253.5,may,18,,facebook,,,,,,caution,,,,n
982,thames valley police,Thames Valley,2253.5,may,18,,facebook,,,,,,caution,,,,n
983,thames valley police,Thames Valley,2253.5,may,18,,facebook,,,,,,charge,,,,n
984,thames valley police,Thames Valley,2253.5,june,18,,facebook,,,,,,charge,,,,n
985,thames valley police,Thames Valley,2253.5,june,19,,snapchat,,,,,,charge,,,,n
986,thames valley police,Thames Valley,2253.5,june,19,,snapchat,,,,,,charge,,,,n
987,thames valley police,Thames Valley,2253.5,june,20,,whatsapp,,,,,,charge,,,,n
988,thames valley police,Thames Valley,2253.5,june,20,,whatsapp,,,,,,no action,,,,n
989,thames valley police,Thames Valley,2253.5,july,20,,whatsapp,facebook,,,,,no action,,,,n
990,thames valley police,Thames Valley,2253.5,july,21,,facebook,,,,,,no action,,,,n
991,thames valley police,Thames Valley,2253.5,july,21,,facebook,,,,,,no action,,,,n
992,thames valley police,Thames Valley,2253.5,august,22,,facebook,,,,,,no action,,,,n
993,thames valley police,Thames Valley,2253.5,august,22,,facebook,,,,,,no action,,,,n
994,thames valley police,Thames Valley,2253.5,august,23,,facebook,,,,,,no action,,,,n
995,thames valley police,Thames Valley,2253.5,september,23,,facebook,,,,,,no action,,,,n
996,thames valley police,Thames Valley,2253.5,september,23,,facebook,,,,,,no action,,,,n
997,thames valley police,Thames Valley,2253.5,september,24,,facebook,,,,,,no action,,,,n
998,thames valley police,Thames Valley,2253.5,september,25,,facebook,,,,,,no action,,,,n
999,thames valley police,Thames Valley,2253.5,september,25,,facebook,instagram,,,,,no action,,,,n
1000,thames valley police,Thames Valley,2253.5,october,25,,facebook,,,,,,no action,,,,n
1001,thames valley police,Thames Valley,2253.5,october,25,,google plus,,,,,,no action,,,,n
1002,thames valley police,Thames Valley,2253.5,october,25,,instagram,,,,,,no action,,,,n
1003,thames valley police,Thames Valley,2253.5,november,25,,instagram,,,,,,no action,,,,n
1004,thames valley police,Thames Valley,2253.5,november,25,,whatsapp,,,,,,no action,,,,n
1005,thames valley police,Thames Valley,2253.5,november,25,,whatsapp,,,,,,no action,,,,n
1006,thames valley police,Thames Valley,2253.5,november,26,,,,,,,,no action,,,,n
1007,thames valley police,Thames Valley,2253.5,november,29,,,,,,,,no action,,,,n
1008,thames valley police,Thames Valley,2253.5,december,29,,,,,,,,no action,,,,n
1009,thames valley police,Thames Valley,2253.5,december,30,,,,,,,,ongoing,,,,n
1010,thames valley police,Thames Valley,2253.5,december,31,,,,,,,,ongoing,,,,n
1011,thames valley police,Thames Valley,2253.5,september,31,,,,,,,,ongoing,,,,n
1012,thames valley police,Thames Valley,2253.5,december,31,,,,,,,,ongoing,,,,n
1013,thames valley police,Thames Valley,2253.5,november,32,,,,,,,,ongoing,,,,n
1014,thames valley police,Thames Valley,2253.5,november,32,,,,,,,,ongoing,,,,n
1015,thames valley police,Thames Valley,2253.5,october,34,,,,,,,,ongoing,,,,n
1016,thames valley police,Thames Valley,2253.5,september,37,,,,,,,,ongoing,,,,n
1017,thames valley police,Thames Valley,2253.5,september,41,,,,,,,,ongoing,,,,n
1018,thames valley police,Thames Valley,2253.5,september,42,,,,,,,,ongoing,,,,n
1019,thames valley police,Thames Valley,2253.5,july,43,,,,,,,,ongoing,,,,n
1020,thames valley police,Thames Valley,2253.5,july,45,,,,,,,,ongoing,,,,n
1021,thames valley police,Thames Valley,2253.5,june,47,,,,,,,,,,,,n
1022,warwickshire police,Warwickshire,536,,,,facebook,,,,,,caution,,,,n
1023,warwickshire police,Warwickshire,536,,,,facebook,,,,,,caution,,,,n
1024,warwickshire police,Warwickshire,536,,,,facebook,,,,,,charge,,,,n
1025,warwickshire police,Warwickshire,536,,,,facebook,,,,,,no action,evidential difficulties,,,n
1026,warwickshire police,Warwickshire,536,,,,facebook,,,,,,no action,evidential difficulties,,,n
1027,warwickshire police,Warwickshire,536,,,,facebook,,,,,,no action,victim withdraws support,,,n
1028,warwickshire police,Warwickshire,536,,,,facebook,,,,,,no action,victim withdraws support,,,n
1029,warwickshire police,Warwickshire,536,,,,facebook,,,,,,no action,victim withdraws support,,,n
1030,warwickshire police,Warwickshire,536,,,,facebook,,,,,,no action,victim withdraws support,,,n
1031,warwickshire police,Warwickshire,536,,,,facebook,,,,,,charge,,,,n
1032,warwickshire police,Warwickshire,536,,,,facebook,,,,,,no action,,,,n
1033,warwickshire police,Warwickshire,536,,,,instagram,,,,,,no action,,,,n
1034,warwickshire police,Warwickshire,536,,,,instagram,,,,,,,,,,n
1035,warwickshire police,Warwickshire,536,,,,instagram,,,,,,,,,,n
1036,warwickshire police,Warwickshire,536,,,,twitter,,,,,,,,,,n
1037,warwickshire police,Warwickshire,536,,,,,,,,,,,,,,n
1038,warwickshire police,Warwickshire,536,,,,,,,,,,,,,,n
1146,west mercia,,1192.7,,,,,,,,,,caution,,,,n
1147,west mercia,,1192.7,,,,,,,,,,charge,,,,n
1148,west mercia,,1192.7,,,,,,,,,,charge,,,,n
1149,west mercia,,1192.7,,,,,,,,,,charge,,,,n
1150,west mercia,,1192.7,,,,,,,,,,charge,,,,n
1151,west mercia,,1192.7,,,,,,,,,,,,,,n
1152,west mercia,,1192.7,,,,,,,,,,,,,,n
1153,west mercia,,1192.7,,,,,,,,,,,,,,n
1154,west mercia,,1192.7,,,,,,,,,,,,,,n
1155,west mercia,,1192.7,,,,,,,,,,,,,,n
1156,west mercia,,1192.7,,,,,,,,,,caution,,,,n
1157,west mercia,,1192.7,,,,,,,,,,no action,evidential difficulties,,,n
1158,west mercia,,1192.7,,,,,,,,,,no action,evidential difficulties,,,n
1159,west mercia,,1192.7,,,,,,,,,,no action,no suspect,,,n
1160,west mercia,,1192.7,,,,,,,,,,no action,no suspect,,,n
1161,west mercia,,1192.7,,,,,,,,,,no action,no suspect,,,n
1162,west mercia,,1192.7,,,,,,,,,,no action,no suspect,,,n
1163,west mercia,,1192.7,,,,,,,,,,no action,victim withdraws support,,,n
1164,west mercia,,1192.7,,,,,,,,,,no action,victim withdraws support,,,n
1165,west mercia,,1192.7,,,,,,,,,,no action,victim withdraws support,,,n
1166,west mercia,,1192.7,,,,,,,,,,no action,victim withdraws support,,,n
1167,west mercia,,1192.7,,,,,,,,,,no action,victim withdraws support,,,n
1168,west mercia,,1192.7,,,,,,,,,,no action,victim withdraws support,,,n
1169,west mercia,,1192.7,,,,,,,,,,no action,victim withdraws support,,,n
1170,west mercia,,1192.7,,,,,,,,,,no action,victim withdraws support,,,n
1171,west mercia,,1192.7,,,,,,,,,,no action,victim withdraws support,,,n
1172,west mercia,,1192.7,,,,,,,,,,no action,evidential difficulties,,,n
1173,west mercia,,1192.7,,,,,,,,,,no action,evidential difficulties,,,n
1174,west mercia,,1192.7,,,,,,,,,,no action,evidential difficulties,,,n
1039,west midlands police,West Midlands,2655.1,april,13,,facebook,,,,,,charge,,,,n
1040,west midlands police,West Midlands,2655.1,april,16,,facebook,,,,,,charge,,,,n
1041,west midlands police,West Midlands,2655.1,april,17,,facebook,,,,,,charge,,,,n
1042,west midlands police,West Midlands,2655.1,april,18,,facebook,,,,,,charge,,,,n
1043,west midlands police,West Midlands,2655.1,may,19,,facebook,,,,,,charge,,,,n
1044,west midlands police,West Midlands,2655.1,may,19,,facebook,,,,,,charge,,,,n
1045,west midlands police,West Midlands,2655.1,may,19,,facebook,,,,,,charge,,,,n
1046,west midlands police,West Midlands,2655.1,may,19,,facebook,,,,,,charge,,,,n
1047,west midlands police,West Midlands,2655.1,may,20,,facebook,,,,,,charge,,,,n
1048,west midlands police,West Midlands,2655.1,may,20,,facebook,,,,,,charge,,,,n
1049,west midlands police,West Midlands,2655.1,may,20,,facebook,,,,,,charge,,,,n
1050,west midlands police,West Midlands,2655.1,may,20,,facebook,,,,,,caution,,,,n
1051,west midlands police,West Midlands,2655.1,may,21,,facebook,,,,,,caution,,,,n
1052,west midlands police,West Midlands,2655.1,may,21,,facebook,,,,,,caution,,,,n
1053,west midlands police,West Midlands,2655.1,june,22,,facebook,,,,,,caution,,,,n
1054,west midlands police,West Midlands,2655.1,june,22,,facebook,,,,,,caution,,,,n
1055,west midlands police,West Midlands,2655.1,june,23,,facebook,,,,,,caution,,,,n
1056,west midlands police,West Midlands,2655.1,june,23,,facebook,,,,,,charge,,,,n
1057,west midlands police,West Midlands,2655.1,june,23,,facebook,,,,,,no action,not in public interest,,,n
1058,west midlands police,West Midlands,2655.1,june,23,,facebook,,,,,,no action,not in public interest,,,n
1059,west midlands police,West Midlands,2655.1,june,23,,facebook,,,,,,no action,victim withdraws support,,,n
1060,west midlands police,West Midlands,2655.1,july,24,,facebook,,,,,,no action,victim withdraws support,,,n
1061,west midlands police,West Midlands,2655.1,july,25,,facebook,,,,,,no action,victim withdraws support,,,n
1062,west midlands police,West Midlands,2655.1,july,25,,facebook,,,,,,no action,victim withdraws support,,,n
1063,west midlands police,West Midlands,2655.1,july,25,,instagram,,,,,,no action,victim withdraws support,,,n
1064,west midlands police,West Midlands,2655.1,july,25,,instagram,,,,,,no action,victim withdraws support,,,n
1065,west midlands police,West Midlands,2655.1,august,25,,instagram,,,,,,no action,victim withdraws support,,,n
1066,west midlands police,West Midlands,2655.1,august,25,,instagram,,,,,,no action,victim withdraws support,,,n
1067,west midlands police,West Midlands,2655.1,august,25,,instagram,,,,,,no action,victim withdraws support,,,n
1068,west midlands police,West Midlands,2655.1,august,25,,instagram,,,,,,no action,victim withdraws support,,,n
1069,west midlands police,West Midlands,2655.1,august,25,,instagram,,,,,,no action,victim withdraws support,,,n
1070,west midlands police,West Midlands,2655.1,august,25,,kik,,,,,,no action,victim withdraws support,,,n
1071,west midlands police,West Midlands,2655.1,september,26,,snapchat,,,,,,no action,victim withdraws support,,,n
1072,west midlands police,West Midlands,2655.1,september,26,,twitter,,,,,,no action,victim withdraws support,,,n
1073,west midlands police,West Midlands,2655.1,september,26,,whatsapp,,,,,,no action,victim withdraws support,,,n
1074,west midlands police,West Midlands,2655.1,september,26,,whatsapp,,,,,,no action,victim withdraws support,,,n
1075,west midlands police,West Midlands,2655.1,september,27,,youtube,,,,,,no action,time limit expired,,,n
1076,west midlands police,West Midlands,2655.1,october,27,,youtube,,,,,,no action,time limit expired,,,n
1077,west midlands police,West Midlands,2655.1,october,28,,,,,,,,no action,time limit expired,,,n
1078,west midlands police,West Midlands,2655.1,october,28,,,,,,,,no action,time limit expired,,,n
1079,west midlands police,West Midlands,2655.1,october,29,,,,,,,,no action,time limit expired,,,n
1080,west midlands police,West Midlands,2655.1,october,29,,,,,,,,no action,time limit expired,,,n
1081,west midlands police,West Midlands,2655.1,november,30,,,,,,,,no action,no crime,,,n
1082,west midlands police,West Midlands,2655.1,november,30,,,,,,,,no action,no crime,,,n
1083,west midlands police,West Midlands,2655.1,november,32,,,,,,,,no action,no crime,,,n
1084,west midlands police,West Midlands,2655.1,november,32,,,,,,,,no action,no crime,,,n
1085,west midlands police,West Midlands,2655.1,november,32,,,,,,,,no action,no crime,,,n
1086,west midlands police,West Midlands,2655.1,november,33,,,,,,,,no action,no crime,,,n
1087,west midlands police,West Midlands,2655.1,november,33,,,,,,,,no action,no crime,,,n
1088,west midlands police,West Midlands,2655.1,november,33,,,,,,,,,,,,n
1089,west midlands police,West Midlands,2655.1,november,34,,,,,,,,,,,,n
1090,west midlands police,West Midlands,2655.1,november,34,,,,,,,,,,,,n
1091,west midlands police,West Midlands,2655.1,december,34,,,,,,,,,,,,n
1092,west midlands police,West Midlands,2655.1,december,36,,,,,,,,,,,,n
1093,west midlands police,West Midlands,2655.1,december,39,,,,,,,,,,,,n
1094,west midlands police,West Midlands,2655.1,december,42,,,,,,,,,,,,n
1095,west midlands police,West Midlands,2655.1,december,48,,,,,,,,,,,,n
1096,west midlands police,West Midlands,2655.1,december,50,,,,,,,,,,,,n
1097,west midlands police,West Midlands,2655.1,december,60,,,,,,,,,,,,n
1098,west midlands police,West Midlands,2655.1,december,,,,,,,,,,,,,n
1099,west midlands police,West Midlands,2655.1,december,,,,,,,,,,,,,n
,,,,,,,,,,,,,,,,,n